{"v":"5.8.1","fr":60,"ip":0,"op":361,"w":800,"h":600,"nm":"line ripple  2 COMP","ddd":0,"assets":[{"id":"comp_0","nm":"line ripple 2","fr":60,"layers":[{"ddd":0,"ind":1,"ty":4,"nm":"Layer 11 - Group 1","sr":1,"ks":{"o":{"a":0,"k":100,"ix":11},"r":{"a":0,"k":0,"ix":10},"p":{"a":0,"k":[20,300,0],"ix":2,"l":2},"a":{"a":0,"k":[20,510,0],"ix":1,"l":2},"s":{"a":1,"k":[{"i":{"x":[0.73,0.73,0.73],"y":[1,1,1]},"o":{"x":[0.27,0.27,0.27],"y":[0,0,0]},"t":40,"s":[100,100,100]},{"i":{"x":[0.73,0.73,0.73],"y":[1,1,1]},"o":{"x":[0.27,0.27,0.27],"y":[0,0,0]},"t":56,"s":[50,50,100]},{"i":{"x":[0.73,0.73,0.73],"y":[1,1,1]},"o":{"x":[0.27,0.27,0.27],"y":[0,0,0]},"t":72,"s":[100,100,100]},{"i":{"x":[0.73,0.73,0.73],"y":[1,1,1]},"o":{"x":[0.27,0.27,0.27],"y":[0,0,0]},"t":100,"s":[100,100,100]},{"i":{"x":[0.73,0.73,0.73],"y":[1,1,1]},"o":{"x":[0.27,0.27,0.27],"y":[0,0,0]},"t":130,"s":[50,50,100]},{"i":{"x":[0.73,0.73,0.73],"y":[1,1,1]},"o":{"x":[0.27,0.27,0.27],"y":[0,0,0]},"t":160,"s":[100,100,100]},{"i":{"x":[0.73,0.73,0.73],"y":[1,1,1]},"o":{"x":[0.27,0.27,0.27],"y":[0,0,0]},"t":181,"s":[100,100,100]},{"i":{"x":[0.73,0.73,0.73],"y":[1,1,1]},"o":{"x":[0.27,0.27,0.27],"y":[0,0,0]},"t":204,"s":[80,80,100]},{"t":220,"s":[100,100,100]}],"ix":6,"l":2,"x":"var $bm_rt;\n$bm_rt = loopOut('cycle');"}},"ao":0,"shapes":[{"ty":"gr","it":[{"ind":0,"ty":"sh","ix":1,"ks":{"a":0,"k":{"i":[[0,-11.046],[11.046,0],[0,11.046],[-11.046,0]],"o":[[0,11.046],[-11.046,0],[0,-11.046],[11.046,0]],"v":[[20,0],[0,20],[-20,0],[0,-20]],"c":true},"ix":2},"nm":"Path 1","mn":"ADBE Vector Shape - Group","hd":false},{"ty":"fl","c":{"a":1,"k":[{"i":{"x":[0.73],"y":[1]},"o":{"x":[0.27],"y":[0]},"t":40,"s":[0.264129161835,0.890581429005,0.898039221764,1]},{"i":{"x":[0.73],"y":[1]},"o":{"x":[0.27],"y":[0]},"t":56,"s":[0.80206143856,0.256962686777,0.850980401039,1]},{"i":{"x":[0.73],"y":[1]},"o":{"x":[0.27],"y":[0]},"t":72,"s":[0.264129161835,0.890581429005,0.898039221764,1]},{"i":{"x":[0.73],"y":[1]},"o":{"x":[0.27],"y":[0]},"t":100,"s":[0.264129161835,0.890581429005,0.898039221764,1]},{"i":{"x":[0.73],"y":[1]},"o":{"x":[0.27],"y":[0]},"t":130,"s":[0.80206143856,0.256962686777,0.850980401039,1]},{"i":{"x":[0.73],"y":[1]},"o":{"x":[0.27],"y":[0]},"t":160,"s":[0.264129161835,0.890581429005,0.898039221764,1]},{"i":{"x":[0.73],"y":[1]},"o":{"x":[0.27],"y":[0]},"t":181,"s":[0.264129161835,0.890581429005,0.898039221764,1]},{"i":{"x":[0.73],"y":[1]},"o":{"x":[0.27],"y":[0]},"t":204,"s":[0.80206143856,0.256962686777,0.850980401039,1]},{"t":220,"s":[0.264129161835,0.890581429005,0.898039221764,1]}],"ix":4,"x":"var $bm_rt;\n$bm_rt = loopOut('cycle');"},"o":{"a":0,"k":100,"ix":5},"r":1,"bm":0,"nm":"Fill 1","mn":"ADBE Vector Graphic - Fill","hd":false},{"ty":"tr","p":{"a":0,"k":[20,510],"ix":2},"a":{"a":0,"k":[0,0],"ix":1},"s":{"a":0,"k":[100,100],"ix":3},"r":{"a":0,"k":0,"ix":6},"o":{"a":0,"k":100,"ix":7},"sk":{"a":0,"k":0,"ix":4},"sa":{"a":0,"k":0,"ix":5},"nm":"Transform"}],"nm":"Group 1","np":2,"cix":2,"bm":0,"ix":1,"mn":"ADBE Vector Group","hd":false}],"ip":0,"op":970,"st":130,"bm":0},{"ddd":0,"ind":2,"ty":4,"nm":"Layer 11 - Group 4","sr":1,"ks":{"o":{"a":0,"k":100,"ix":11},"r":{"a":0,"k":0,"ix":10},"p":{"a":0,"k":[780,300,0],"ix":2,"l":2},"a":{"a":0,"k":[780,510,0],"ix":1,"l":2},"s":{"a":1,"k":[{"i":{"x":[0.73,0.73,0.73],"y":[1,1,1]},"o":{"x":[0.27,0.27,0.27],"y":[0,0,0]},"t":40,"s":[100,100,100]},{"i":{"x":[0.73,0.73,0.73],"y":[1,1,1]},"o":{"x":[0.27,0.27,0.27],"y":[0,0,0]},"t":56,"s":[50,50,100]},{"i":{"x":[0.73,0.73,0.73],"y":[1,1,1]},"o":{"x":[0.27,0.27,0.27],"y":[0,0,0]},"t":72,"s":[100,100,100]},{"i":{"x":[0.73,0.73,0.73],"y":[1,1,1]},"o":{"x":[0.27,0.27,0.27],"y":[0,0,0]},"t":100,"s":[100,100,100]},{"i":{"x":[0.73,0.73,0.73],"y":[1,1,1]},"o":{"x":[0.27,0.27,0.27],"y":[0,0,0]},"t":130,"s":[50,50,100]},{"i":{"x":[0.73,0.73,0.73],"y":[1,1,1]},"o":{"x":[0.27,0.27,0.27],"y":[0,0,0]},"t":160,"s":[100,100,100]},{"i":{"x":[0.73,0.73,0.73],"y":[1,1,1]},"o":{"x":[0.27,0.27,0.27],"y":[0,0,0]},"t":181,"s":[100,100,100]},{"i":{"x":[0.73,0.73,0.73],"y":[1,1,1]},"o":{"x":[0.27,0.27,0.27],"y":[0,0,0]},"t":204,"s":[80,80,100]},{"t":220,"s":[100,100,100]}],"ix":6,"l":2,"x":"var $bm_rt;\n$bm_rt = loopOut('cycle');"}},"ao":0,"shapes":[{"ty":"gr","it":[{"ind":0,"ty":"sh","ix":1,"ks":{"a":0,"k":{"i":[[0,-11.046],[11.046,0],[0,11.046],[-11.046,0]],"o":[[0,11.046],[-11.046,0],[0,-11.046],[11.046,0]],"v":[[20,0],[0,20],[-20,0],[0,-20]],"c":true},"ix":2},"nm":"Path 1","mn":"ADBE Vector Shape - Group","hd":false},{"ty":"fl","c":{"a":1,"k":[{"i":{"x":[0.73],"y":[1]},"o":{"x":[0.27],"y":[0]},"t":40,"s":[0.264129161835,0.890581429005,0.898039221764,1]},{"i":{"x":[0.73],"y":[1]},"o":{"x":[0.27],"y":[0]},"t":56,"s":[0.80206143856,0.256962686777,0.850980401039,1]},{"i":{"x":[0.73],"y":[1]},"o":{"x":[0.27],"y":[0]},"t":72,"s":[0.264129161835,0.890581429005,0.898039221764,1]},{"i":{"x":[0.73],"y":[1]},"o":{"x":[0.27],"y":[0]},"t":100,"s":[0.264129161835,0.890581429005,0.898039221764,1]},{"i":{"x":[0.73],"y":[1]},"o":{"x":[0.27],"y":[0]},"t":130,"s":[0.80206143856,0.256962686777,0.850980401039,1]},{"i":{"x":[0.73],"y":[1]},"o":{"x":[0.27],"y":[0]},"t":160,"s":[0.264129161835,0.890581429005,0.898039221764,1]},{"i":{"x":[0.73],"y":[1]},"o":{"x":[0.27],"y":[0]},"t":181,"s":[0.264129161835,0.890581429005,0.898039221764,1]},{"i":{"x":[0.73],"y":[1]},"o":{"x":[0.27],"y":[0]},"t":204,"s":[0.80206143856,0.256962686777,0.850980401039,1]},{"t":220,"s":[0.264129161835,0.890581429005,0.898039221764,1]}],"ix":4,"x":"var $bm_rt;\n$bm_rt = loopOut('cycle');"},"o":{"a":0,"k":100,"ix":5},"r":1,"bm":0,"nm":"Fill 1","mn":"ADBE Vector Graphic - Fill","hd":false},{"ty":"tr","p":{"a":0,"k":[780,510],"ix":2},"a":{"a":0,"k":[0,0],"ix":1},"s":{"a":0,"k":[100,100],"ix":3},"r":{"a":0,"k":0,"ix":6},"o":{"a":0,"k":100,"ix":7},"sk":{"a":0,"k":0,"ix":4},"sa":{"a":0,"k":0,"ix":5},"nm":"Transform"}],"nm":"Group 4","np":2,"cix":2,"bm":0,"ix":1,"mn":"ADBE Vector Group","hd":false},{"ty":"gr","it":[{"ty":"fl","c":{"a":1,"k":[{"i":{"x":[0.73],"y":[1]},"o":{"x":[0.27],"y":[0]},"t":8,"s":[0.264129161835,0.890581429005,0.898039221764,1]},{"i":{"x":[0.73],"y":[1]},"o":{"x":[0.27],"y":[0]},"t":24,"s":[0.80206143856,0.256962686777,0.850980401039,1]},{"i":{"x":[0.73],"y":[1]},"o":{"x":[0.27],"y":[0]},"t":40,"s":[0.264129161835,0.890581429005,0.898039221764,1]},{"i":{"x":[0.73],"y":[1]},"o":{"x":[0.27],"y":[0]},"t":68,"s":[0.264129161835,0.890581429005,0.898039221764,1]},{"i":{"x":[0.73],"y":[1]},"o":{"x":[0.27],"y":[0]},"t":98,"s":[0.80206143856,0.256962686777,0.850980401039,1]},{"i":{"x":[0.73],"y":[1]},"o":{"x":[0.27],"y":[0]},"t":128,"s":[0.264129161835,0.890581429005,0.898039221764,1]},{"i":{"x":[0.73],"y":[1]},"o":{"x":[0.27],"y":[0]},"t":149,"s":[0.264129161835,0.890581429005,0.898039221764,1]},{"i":{"x":[0.73],"y":[1]},"o":{"x":[0.27],"y":[0]},"t":172,"s":[0.80206143856,0.256962686777,0.850980401039,1]},{"t":188,"s":[0.264129161835,0.890581429005,0.898039221764,1]}],"ix":4,"x":"var $bm_rt;\n$bm_rt = loopOut('cycle');"},"o":{"a":0,"k":100,"ix":5},"r":1,"bm":0,"nm":"Fill 1","mn":"ADBE Vector Graphic - Fill","hd":false},{"ty":"tr","p":{"a":0,"k":[0,0],"ix":2},"a":{"a":0,"k":[0,0],"ix":1},"s":{"a":0,"k":[100,100],"ix":3},"r":{"a":0,"k":0,"ix":6},"o":{"a":0,"k":100,"ix":7},"sk":{"a":0,"k":0,"ix":4},"sa":{"a":0,"k":0,"ix":5},"nm":"Transform"}],"nm":"Group 5","np":1,"cix":2,"bm":0,"ix":2,"mn":"ADBE Vector Group","hd":false}],"ip":0,"op":970,"st":130,"bm":0},{"ddd":0,"ind":3,"ty":4,"nm":"Layer 11 - Group 2","sr":1,"ks":{"o":{"a":0,"k":100,"ix":11},"r":{"a":0,"k":0,"ix":10},"p":{"a":0,"k":[96,300,0],"ix":2,"l":2},"a":{"a":0,"k":[96,510,0],"ix":1,"l":2},"s":{"a":1,"k":[{"i":{"x":[0.73,0.73,0.73],"y":[1,1,1]},"o":{"x":[0.27,0.27,0.27],"y":[0,0,0]},"t":32,"s":[100,100,100]},{"i":{"x":[0.73,0.73,0.73],"y":[1,1,1]},"o":{"x":[0.27,0.27,0.27],"y":[0,0,0]},"t":48,"s":[50,50,100]},{"i":{"x":[0.73,0.73,0.73],"y":[1,1,1]},"o":{"x":[0.27,0.27,0.27],"y":[0,0,0]},"t":64,"s":[100,100,100]},{"i":{"x":[0.73,0.73,0.73],"y":[1,1,1]},"o":{"x":[0.27,0.27,0.27],"y":[0,0,0]},"t":92,"s":[100,100,100]},{"i":{"x":[0.73,0.73,0.73],"y":[1,1,1]},"o":{"x":[0.27,0.27,0.27],"y":[0,0,0]},"t":122,"s":[50,50,100]},{"i":{"x":[0.73,0.73,0.73],"y":[1,1,1]},"o":{"x":[0.27,0.27,0.27],"y":[0,0,0]},"t":152,"s":[100,100,100]},{"i":{"x":[0.73,0.73,0.73],"y":[1,1,1]},"o":{"x":[0.27,0.27,0.27],"y":[0,0,0]},"t":173,"s":[100,100,100]},{"i":{"x":[0.73,0.73,0.73],"y":[1,1,1]},"o":{"x":[0.27,0.27,0.27],"y":[0,0,0]},"t":196,"s":[80,80,100]},{"t":212,"s":[100,100,100]}],"ix":6,"l":2,"x":"var $bm_rt;\n$bm_rt = loopOut('cycle');"}},"ao":0,"shapes":[{"ty":"gr","it":[{"ind":0,"ty":"sh","ix":1,"ks":{"a":0,"k":{"i":[[0,-11.046],[11.046,0],[0,11.046],[-11.046,0]],"o":[[0,11.046],[-11.046,0],[0,-11.046],[11.046,0]],"v":[[20,0],[0,20],[-20,0],[0,-20]],"c":true},"ix":2},"nm":"Path 1","mn":"ADBE Vector Shape - Group","hd":false},{"ty":"fl","c":{"a":1,"k":[{"i":{"x":[0.73],"y":[1]},"o":{"x":[0.27],"y":[0]},"t":32,"s":[0.264129161835,0.890581429005,0.898039221764,1]},{"i":{"x":[0.73],"y":[1]},"o":{"x":[0.27],"y":[0]},"t":48,"s":[0.80206143856,0.256962686777,0.850980401039,1]},{"i":{"x":[0.73],"y":[1]},"o":{"x":[0.27],"y":[0]},"t":64,"s":[0.264129161835,0.890581429005,0.898039221764,1]},{"i":{"x":[0.73],"y":[1]},"o":{"x":[0.27],"y":[0]},"t":92,"s":[0.264129161835,0.890581429005,0.898039221764,1]},{"i":{"x":[0.73],"y":[1]},"o":{"x":[0.27],"y":[0]},"t":122,"s":[0.80206143856,0.256962686777,0.850980401039,1]},{"i":{"x":[0.73],"y":[1]},"o":{"x":[0.27],"y":[0]},"t":152,"s":[0.264129161835,0.890581429005,0.898039221764,1]},{"i":{"x":[0.73],"y":[1]},"o":{"x":[0.27],"y":[0]},"t":173,"s":[0.264129161835,0.890581429005,0.898039221764,1]},{"i":{"x":[0.73],"y":[1]},"o":{"x":[0.27],"y":[0]},"t":196,"s":[0.80206143856,0.256962686777,0.850980401039,1]},{"t":212,"s":[0.264129161835,0.890581429005,0.898039221764,1]}],"ix":4,"x":"var $bm_rt;\n$bm_rt = loopOut('cycle');"},"o":{"a":0,"k":100,"ix":5},"r":1,"bm":0,"nm":"Fill 1","mn":"ADBE Vector Graphic - Fill","hd":false},{"ty":"tr","p":{"a":0,"k":[96,510],"ix":2},"a":{"a":0,"k":[0,0],"ix":1},"s":{"a":0,"k":[100,100],"ix":3},"r":{"a":0,"k":0,"ix":6},"o":{"a":0,"k":100,"ix":7},"sk":{"a":0,"k":0,"ix":4},"sa":{"a":0,"k":0,"ix":5},"nm":"Transform"}],"nm":"Group 2","np":2,"cix":2,"bm":0,"ix":1,"mn":"ADBE Vector Group","hd":false}],"ip":0,"op":944,"st":104,"bm":0},{"ddd":0,"ind":4,"ty":4,"nm":"Layer 11 - Group 3","sr":1,"ks":{"o":{"a":0,"k":100,"ix":11},"r":{"a":0,"k":0,"ix":10},"p":{"a":0,"k":[704,300,0],"ix":2,"l":2},"a":{"a":0,"k":[704,510,0],"ix":1,"l":2},"s":{"a":1,"k":[{"i":{"x":[0.73,0.73,0.73],"y":[1,1,1]},"o":{"x":[0.27,0.27,0.27],"y":[0,0,0]},"t":32,"s":[100,100,100]},{"i":{"x":[0.73,0.73,0.73],"y":[1,1,1]},"o":{"x":[0.27,0.27,0.27],"y":[0,0,0]},"t":48,"s":[50,50,100]},{"i":{"x":[0.73,0.73,0.73],"y":[1,1,1]},"o":{"x":[0.27,0.27,0.27],"y":[0,0,0]},"t":64,"s":[100,100,100]},{"i":{"x":[0.73,0.73,0.73],"y":[1,1,1]},"o":{"x":[0.27,0.27,0.27],"y":[0,0,0]},"t":92,"s":[100,100,100]},{"i":{"x":[0.73,0.73,0.73],"y":[1,1,1]},"o":{"x":[0.27,0.27,0.27],"y":[0,0,0]},"t":122,"s":[50,50,100]},{"i":{"x":[0.73,0.73,0.73],"y":[1,1,1]},"o":{"x":[0.27,0.27,0.27],"y":[0,0,0]},"t":152,"s":[100,100,100]},{"i":{"x":[0.73,0.73,0.73],"y":[1,1,1]},"o":{"x":[0.27,0.27,0.27],"y":[0,0,0]},"t":173,"s":[100,100,100]},{"i":{"x":[0.73,0.73,0.73],"y":[1,1,1]},"o":{"x":[0.27,0.27,0.27],"y":[0,0,0]},"t":196,"s":[80,80,100]},{"t":212,"s":[100,100,100]}],"ix":6,"l":2,"x":"var $bm_rt;\n$bm_rt = loopOut('cycle');"}},"ao":0,"shapes":[{"ty":"gr","it":[{"ind":0,"ty":"sh","ix":1,"ks":{"a":0,"k":{"i":[[0,-11.046],[11.046,0],[0,11.046],[-11.046,0]],"o":[[0,11.046],[-11.046,0],[0,-11.046],[11.046,0]],"v":[[20,0],[0,20],[-20,0],[0,-20]],"c":true},"ix":2},"nm":"Path 1","mn":"ADBE Vector Shape - Group","hd":false},{"ty":"fl","c":{"a":1,"k":[{"i":{"x":[0.73],"y":[1]},"o":{"x":[0.27],"y":[0]},"t":32,"s":[0.264129161835,0.890581429005,0.898039221764,1]},{"i":{"x":[0.73],"y":[1]},"o":{"x":[0.27],"y":[0]},"t":48,"s":[0.80206143856,0.256962686777,0.850980401039,1]},{"i":{"x":[0.73],"y":[1]},"o":{"x":[0.27],"y":[0]},"t":64,"s":[0.264129161835,0.890581429005,0.898039221764,1]},{"i":{"x":[0.73],"y":[1]},"o":{"x":[0.27],"y":[0]},"t":92,"s":[0.264129161835,0.890581429005,0.898039221764,1]},{"i":{"x":[0.73],"y":[1]},"o":{"x":[0.27],"y":[0]},"t":122,"s":[0.80206143856,0.256962686777,0.850980401039,1]},{"i":{"x":[0.73],"y":[1]},"o":{"x":[0.27],"y":[0]},"t":152,"s":[0.264129161835,0.890581429005,0.898039221764,1]},{"i":{"x":[0.73],"y":[1]},"o":{"x":[0.27],"y":[0]},"t":173,"s":[0.264129161835,0.890581429005,0.898039221764,1]},{"i":{"x":[0.73],"y":[1]},"o":{"x":[0.27],"y":[0]},"t":196,"s":[0.80206143856,0.256962686777,0.850980401039,1]},{"t":212,"s":[0.264129161835,0.890581429005,0.898039221764,1]}],"ix":4,"x":"var $bm_rt;\n$bm_rt = loopOut('cycle');"},"o":{"a":0,"k":100,"ix":5},"r":1,"bm":0,"nm":"Fill 1","mn":"ADBE Vector Graphic - Fill","hd":false},{"ty":"tr","p":{"a":0,"k":[704,510],"ix":2},"a":{"a":0,"k":[0,0],"ix":1},"s":{"a":0,"k":[100,100],"ix":3},"r":{"a":0,"k":0,"ix":6},"o":{"a":0,"k":100,"ix":7},"sk":{"a":0,"k":0,"ix":4},"sa":{"a":0,"k":0,"ix":5},"nm":"Transform"}],"nm":"Group 3","np":2,"cix":2,"bm":0,"ix":1,"mn":"ADBE Vector Group","hd":false},{"ty":"gr","it":[{"ty":"fl","c":{"a":1,"k":[{"i":{"x":[0.73],"y":[1]},"o":{"x":[0.27],"y":[0]},"t":8,"s":[0.264129161835,0.890581429005,0.898039221764,1]},{"i":{"x":[0.73],"y":[1]},"o":{"x":[0.27],"y":[0]},"t":16,"s":[0.264129161835,0.890581429005,0.898039221764,1]},{"i":{"x":[0.73],"y":[1]},"o":{"x":[0.27],"y":[0]},"t":24,"s":[0.80206143856,0.256962686777,0.850980401039,1]},{"i":{"x":[0.73],"y":[1]},"o":{"x":[0.27],"y":[0]},"t":32,"s":[0.80206143856,0.256962686777,0.850980401039,1]},{"i":{"x":[0.73],"y":[1]},"o":{"x":[0.27],"y":[0]},"t":40,"s":[0.264129161835,0.890581429005,0.898039221764,1]},{"i":{"x":[0.73],"y":[1]},"o":{"x":[0.27],"y":[0]},"t":48,"s":[0.264129161835,0.890581429005,0.898039221764,1]},{"i":{"x":[0.73],"y":[1]},"o":{"x":[0.27],"y":[0]},"t":68,"s":[0.264129161835,0.890581429005,0.898039221764,1]},{"i":{"x":[0.73],"y":[1]},"o":{"x":[0.27],"y":[0]},"t":76,"s":[0.264129161835,0.890581429005,0.898039221764,1]},{"i":{"x":[0.73],"y":[1]},"o":{"x":[0.27],"y":[0]},"t":98,"s":[0.80206143856,0.256962686777,0.850980401039,1]},{"i":{"x":[0.73],"y":[1]},"o":{"x":[0.27],"y":[0]},"t":106,"s":[0.80206143856,0.256962686777,0.850980401039,1]},{"i":{"x":[0.73],"y":[1]},"o":{"x":[0.27],"y":[0]},"t":128,"s":[0.264129161835,0.890581429005,0.898039221764,1]},{"i":{"x":[0.73],"y":[1]},"o":{"x":[0.27],"y":[0]},"t":136,"s":[0.264129161835,0.890581429005,0.898039221764,1]},{"i":{"x":[0.73],"y":[1]},"o":{"x":[0.27],"y":[0]},"t":149,"s":[0.264129161835,0.890581429005,0.898039221764,1]},{"i":{"x":[0.73],"y":[1]},"o":{"x":[0.27],"y":[0]},"t":157,"s":[0.264129161835,0.890581429005,0.898039221764,1]},{"i":{"x":[0.73],"y":[1]},"o":{"x":[0.27],"y":[0]},"t":172,"s":[0.80206143856,0.256962686777,0.850980401039,1]},{"i":{"x":[0.73],"y":[1]},"o":{"x":[0.27],"y":[0]},"t":180,"s":[0.80206143856,0.256962686777,0.850980401039,1]},{"i":{"x":[0.73],"y":[1]},"o":{"x":[0.27],"y":[0]},"t":188,"s":[0.264129161835,0.890581429005,0.898039221764,1]},{"t":196,"s":[0.264129161835,0.890581429005,0.898039221764,1]}],"ix":4,"x":"var $bm_rt;\n$bm_rt = loopOut('cycle');"},"o":{"a":0,"k":100,"ix":5},"r":1,"bm":0,"nm":"Fill 1","mn":"ADBE Vector Graphic - Fill","hd":false},{"ty":"tr","p":{"a":0,"k":[0,0],"ix":2},"a":{"a":0,"k":[0,0],"ix":1},"s":{"a":0,"k":[100,100],"ix":3},"r":{"a":0,"k":0,"ix":6},"o":{"a":0,"k":100,"ix":7},"sk":{"a":0,"k":0,"ix":4},"sa":{"a":0,"k":0,"ix":5},"nm":"Transform"}],"nm":"Group 4","np":1,"cix":2,"bm":0,"ix":2,"mn":"ADBE Vector Group","hd":false}],"ip":0,"op":944,"st":104,"bm":0},{"ddd":0,"ind":5,"ty":4,"nm":"Layer 11 - Group 5","sr":1,"ks":{"o":{"a":0,"k":100,"ix":11},"r":{"a":0,"k":0,"ix":10},"p":{"a":0,"k":[172,300,0],"ix":2,"l":2},"a":{"a":0,"k":[172,510,0],"ix":1,"l":2},"s":{"a":1,"k":[{"i":{"x":[0.73,0.73,0.73],"y":[1,1,1]},"o":{"x":[0.27,0.27,0.27],"y":[0,0,0]},"t":24,"s":[100,100,100]},{"i":{"x":[0.73,0.73,0.73],"y":[1,1,1]},"o":{"x":[0.27,0.27,0.27],"y":[0,0,0]},"t":40,"s":[50,50,100]},{"i":{"x":[0.73,0.73,0.73],"y":[1,1,1]},"o":{"x":[0.27,0.27,0.27],"y":[0,0,0]},"t":56,"s":[100,100,100]},{"i":{"x":[0.73,0.73,0.73],"y":[1,1,1]},"o":{"x":[0.27,0.27,0.27],"y":[0,0,0]},"t":84,"s":[100,100,100]},{"i":{"x":[0.73,0.73,0.73],"y":[1,1,1]},"o":{"x":[0.27,0.27,0.27],"y":[0,0,0]},"t":114,"s":[50,50,100]},{"i":{"x":[0.73,0.73,0.73],"y":[1,1,1]},"o":{"x":[0.27,0.27,0.27],"y":[0,0,0]},"t":144,"s":[100,100,100]},{"i":{"x":[0.73,0.73,0.73],"y":[1,1,1]},"o":{"x":[0.27,0.27,0.27],"y":[0,0,0]},"t":165,"s":[100,100,100]},{"i":{"x":[0.73,0.73,0.73],"y":[1,1,1]},"o":{"x":[0.27,0.27,0.27],"y":[0,0,0]},"t":188,"s":[80,80,100]},{"t":204,"s":[100,100,100]}],"ix":6,"l":2,"x":"var $bm_rt;\n$bm_rt = loopOut('cycle');"}},"ao":0,"shapes":[{"ty":"gr","it":[{"ind":0,"ty":"sh","ix":1,"ks":{"a":0,"k":{"i":[[0,-11.046],[11.046,0],[0,11.046],[-11.046,0]],"o":[[0,11.046],[-11.046,0],[0,-11.046],[11.046,0]],"v":[[20,0],[0,20],[-20,0],[0,-20]],"c":true},"ix":2},"nm":"Path 1","mn":"ADBE Vector Shape - Group","hd":false},{"ty":"fl","c":{"a":1,"k":[{"i":{"x":[0.73],"y":[1]},"o":{"x":[0.27],"y":[0]},"t":24,"s":[0.264129161835,0.890581429005,0.898039221764,1]},{"i":{"x":[0.73],"y":[1]},"o":{"x":[0.27],"y":[0]},"t":40,"s":[0.80206143856,0.256962686777,0.850980401039,1]},{"i":{"x":[0.73],"y":[1]},"o":{"x":[0.27],"y":[0]},"t":56,"s":[0.264129161835,0.890581429005,0.898039221764,1]},{"i":{"x":[0.73],"y":[1]},"o":{"x":[0.27],"y":[0]},"t":84,"s":[0.264129161835,0.890581429005,0.898039221764,1]},{"i":{"x":[0.73],"y":[1]},"o":{"x":[0.27],"y":[0]},"t":114,"s":[0.80206143856,0.256962686777,0.850980401039,1]},{"i":{"x":[0.73],"y":[1]},"o":{"x":[0.27],"y":[0]},"t":144,"s":[0.264129161835,0.890581429005,0.898039221764,1]},{"i":{"x":[0.73],"y":[1]},"o":{"x":[0.27],"y":[0]},"t":165,"s":[0.264129161835,0.890581429005,0.898039221764,1]},{"i":{"x":[0.73],"y":[1]},"o":{"x":[0.27],"y":[0]},"t":188,"s":[0.80206143856,0.256962686777,0.850980401039,1]},{"t":204,"s":[0.264129161835,0.890581429005,0.898039221764,1]}],"ix":4,"x":"var $bm_rt;\n$bm_rt = loopOut('cycle');"},"o":{"a":0,"k":100,"ix":5},"r":1,"bm":0,"nm":"Fill 1","mn":"ADBE Vector Graphic - Fill","hd":false},{"ty":"tr","p":{"a":0,"k":[172,510],"ix":2},"a":{"a":0,"k":[0,0],"ix":1},"s":{"a":0,"k":[100,100],"ix":3},"r":{"a":0,"k":0,"ix":6},"o":{"a":0,"k":100,"ix":7},"sk":{"a":0,"k":0,"ix":4},"sa":{"a":0,"k":0,"ix":5},"nm":"Transform"}],"nm":"Group 5","np":2,"cix":2,"bm":0,"ix":1,"mn":"ADBE Vector Group","hd":false}],"ip":0,"op":918,"st":78,"bm":0},{"ddd":0,"ind":6,"ty":4,"nm":"Layer 11 - Group 6","sr":1,"ks":{"o":{"a":0,"k":100,"ix":11},"r":{"a":0,"k":0,"ix":10},"p":{"a":0,"k":[628,300,0],"ix":2,"l":2},"a":{"a":0,"k":[628,510,0],"ix":1,"l":2},"s":{"a":1,"k":[{"i":{"x":[0.73,0.73,0.73],"y":[1,1,1]},"o":{"x":[0.27,0.27,0.27],"y":[0,0,0]},"t":24,"s":[100,100,100]},{"i":{"x":[0.73,0.73,0.73],"y":[1,1,1]},"o":{"x":[0.27,0.27,0.27],"y":[0,0,0]},"t":40,"s":[50,50,100]},{"i":{"x":[0.73,0.73,0.73],"y":[1,1,1]},"o":{"x":[0.27,0.27,0.27],"y":[0,0,0]},"t":56,"s":[100,100,100]},{"i":{"x":[0.73,0.73,0.73],"y":[1,1,1]},"o":{"x":[0.27,0.27,0.27],"y":[0,0,0]},"t":84,"s":[100,100,100]},{"i":{"x":[0.73,0.73,0.73],"y":[1,1,1]},"o":{"x":[0.27,0.27,0.27],"y":[0,0,0]},"t":114,"s":[50,50,100]},{"i":{"x":[0.73,0.73,0.73],"y":[1,1,1]},"o":{"x":[0.27,0.27,0.27],"y":[0,0,0]},"t":144,"s":[100,100,100]},{"i":{"x":[0.73,0.73,0.73],"y":[1,1,1]},"o":{"x":[0.27,0.27,0.27],"y":[0,0,0]},"t":165,"s":[100,100,100]},{"i":{"x":[0.73,0.73,0.73],"y":[1,1,1]},"o":{"x":[0.27,0.27,0.27],"y":[0,0,0]},"t":188,"s":[80,80,100]},{"t":204,"s":[100,100,100]}],"ix":6,"l":2,"x":"var $bm_rt;\n$bm_rt = loopOut('cycle');"}},"ao":0,"shapes":[{"ty":"gr","it":[{"ind":0,"ty":"sh","ix":1,"ks":{"a":0,"k":{"i":[[0,-11.046],[11.046,0],[0,11.046],[-11.046,0]],"o":[[0,11.046],[-11.046,0],[0,-11.046],[11.046,0]],"v":[[20,0],[0,20],[-20,0],[0,-20]],"c":true},"ix":2},"nm":"Path 1","mn":"ADBE Vector Shape - Group","hd":false},{"ty":"fl","c":{"a":1,"k":[{"i":{"x":[0.73],"y":[1]},"o":{"x":[0.27],"y":[0]},"t":24,"s":[0.264129161835,0.890581429005,0.898039221764,1]},{"i":{"x":[0.73],"y":[1]},"o":{"x":[0.27],"y":[0]},"t":40,"s":[0.80206143856,0.256962686777,0.850980401039,1]},{"i":{"x":[0.73],"y":[1]},"o":{"x":[0.27],"y":[0]},"t":56,"s":[0.264129161835,0.890581429005,0.898039221764,1]},{"i":{"x":[0.73],"y":[1]},"o":{"x":[0.27],"y":[0]},"t":84,"s":[0.264129161835,0.890581429005,0.898039221764,1]},{"i":{"x":[0.73],"y":[1]},"o":{"x":[0.27],"y":[0]},"t":114,"s":[0.80206143856,0.256962686777,0.850980401039,1]},{"i":{"x":[0.73],"y":[1]},"o":{"x":[0.27],"y":[0]},"t":144,"s":[0.264129161835,0.890581429005,0.898039221764,1]},{"i":{"x":[0.73],"y":[1]},"o":{"x":[0.27],"y":[0]},"t":165,"s":[0.264129161835,0.890581429005,0.898039221764,1]},{"i":{"x":[0.73],"y":[1]},"o":{"x":[0.27],"y":[0]},"t":188,"s":[0.80206143856,0.256962686777,0.850980401039,1]},{"t":204,"s":[0.264129161835,0.890581429005,0.898039221764,1]}],"ix":4,"x":"var $bm_rt;\n$bm_rt = loopOut('cycle');"},"o":{"a":0,"k":100,"ix":5},"r":1,"bm":0,"nm":"Fill 1","mn":"ADBE Vector Graphic - Fill","hd":false},{"ty":"tr","p":{"a":0,"k":[628,510],"ix":2},"a":{"a":0,"k":[0,0],"ix":1},"s":{"a":0,"k":[100,100],"ix":3},"r":{"a":0,"k":0,"ix":6},"o":{"a":0,"k":100,"ix":7},"sk":{"a":0,"k":0,"ix":4},"sa":{"a":0,"k":0,"ix":5},"nm":"Transform"}],"nm":"Group 6","np":2,"cix":2,"bm":0,"ix":1,"mn":"ADBE Vector Group","hd":false}],"ip":0,"op":918,"st":78,"bm":0},{"ddd":0,"ind":7,"ty":4,"nm":"Layer 11 - Group 7","sr":1,"ks":{"o":{"a":0,"k":100,"ix":11},"r":{"a":0,"k":0,"ix":10},"p":{"a":0,"k":[248,300,0],"ix":2,"l":2},"a":{"a":0,"k":[248,510,0],"ix":1,"l":2},"s":{"a":1,"k":[{"i":{"x":[0.73,0.73,0.73],"y":[1,1,1]},"o":{"x":[0.27,0.27,0.27],"y":[0,0,0]},"t":16,"s":[100,100,100]},{"i":{"x":[0.73,0.73,0.73],"y":[1,1,1]},"o":{"x":[0.27,0.27,0.27],"y":[0,0,0]},"t":32,"s":[50,50,100]},{"i":{"x":[0.73,0.73,0.73],"y":[1,1,1]},"o":{"x":[0.27,0.27,0.27],"y":[0,0,0]},"t":48,"s":[100,100,100]},{"i":{"x":[0.73,0.73,0.73],"y":[1,1,1]},"o":{"x":[0.27,0.27,0.27],"y":[0,0,0]},"t":76,"s":[100,100,100]},{"i":{"x":[0.73,0.73,0.73],"y":[1,1,1]},"o":{"x":[0.27,0.27,0.27],"y":[0,0,0]},"t":106,"s":[50,50,100]},{"i":{"x":[0.73,0.73,0.73],"y":[1,1,1]},"o":{"x":[0.27,0.27,0.27],"y":[0,0,0]},"t":136,"s":[100,100,100]},{"i":{"x":[0.73,0.73,0.73],"y":[1,1,1]},"o":{"x":[0.27,0.27,0.27],"y":[0,0,0]},"t":157,"s":[100,100,100]},{"i":{"x":[0.73,0.73,0.73],"y":[1,1,1]},"o":{"x":[0.27,0.27,0.27],"y":[0,0,0]},"t":180,"s":[80,80,100]},{"t":196,"s":[100,100,100]}],"ix":6,"l":2,"x":"var $bm_rt;\n$bm_rt = loopOut('cycle');"}},"ao":0,"shapes":[{"ty":"gr","it":[{"ind":0,"ty":"sh","ix":1,"ks":{"a":0,"k":{"i":[[0,-11.046],[11.046,0],[0,11.046],[-11.046,0]],"o":[[0,11.046],[-11.046,0],[0,-11.046],[11.046,0]],"v":[[20,0],[0,20],[-20,0],[0,-20]],"c":true},"ix":2},"nm":"Path 1","mn":"ADBE Vector Shape - Group","hd":false},{"ty":"fl","c":{"a":1,"k":[{"i":{"x":[0.73],"y":[1]},"o":{"x":[0.27],"y":[0]},"t":16,"s":[0.264129161835,0.890581429005,0.898039221764,1]},{"i":{"x":[0.73],"y":[1]},"o":{"x":[0.27],"y":[0]},"t":32,"s":[0.80206143856,0.256962686777,0.850980401039,1]},{"i":{"x":[0.73],"y":[1]},"o":{"x":[0.27],"y":[0]},"t":48,"s":[0.264129161835,0.890581429005,0.898039221764,1]},{"i":{"x":[0.73],"y":[1]},"o":{"x":[0.27],"y":[0]},"t":76,"s":[0.264129161835,0.890581429005,0.898039221764,1]},{"i":{"x":[0.73],"y":[1]},"o":{"x":[0.27],"y":[0]},"t":106,"s":[0.80206143856,0.256962686777,0.850980401039,1]},{"i":{"x":[0.73],"y":[1]},"o":{"x":[0.27],"y":[0]},"t":136,"s":[0.264129161835,0.890581429005,0.898039221764,1]},{"i":{"x":[0.73],"y":[1]},"o":{"x":[0.27],"y":[0]},"t":157,"s":[0.264129161835,0.890581429005,0.898039221764,1]},{"i":{"x":[0.73],"y":[1]},"o":{"x":[0.27],"y":[0]},"t":180,"s":[0.80206143856,0.256962686777,0.850980401039,1]},{"t":196,"s":[0.264129161835,0.890581429005,0.898039221764,1]}],"ix":4,"x":"var $bm_rt;\n$bm_rt = loopOut('cycle');"},"o":{"a":0,"k":100,"ix":5},"r":1,"bm":0,"nm":"Fill 1","mn":"ADBE Vector Graphic - Fill","hd":false},{"ty":"tr","p":{"a":0,"k":[248,510],"ix":2},"a":{"a":0,"k":[0,0],"ix":1},"s":{"a":0,"k":[100,100],"ix":3},"r":{"a":0,"k":0,"ix":6},"o":{"a":0,"k":100,"ix":7},"sk":{"a":0,"k":0,"ix":4},"sa":{"a":0,"k":0,"ix":5},"nm":"Transform"}],"nm":"Group 7","np":2,"cix":2,"bm":0,"ix":1,"mn":"ADBE Vector Group","hd":false}],"ip":0,"op":892,"st":52,"bm":0},{"ddd":0,"ind":8,"ty":4,"nm":"Layer 11 - Group 8","sr":1,"ks":{"o":{"a":0,"k":100,"ix":11},"r":{"a":0,"k":0,"ix":10},"p":{"a":0,"k":[552,300,0],"ix":2,"l":2},"a":{"a":0,"k":[552,510,0],"ix":1,"l":2},"s":{"a":1,"k":[{"i":{"x":[0.73,0.73,0.73],"y":[1,1,1]},"o":{"x":[0.27,0.27,0.27],"y":[0,0,0]},"t":16,"s":[100,100,100]},{"i":{"x":[0.73,0.73,0.73],"y":[1,1,1]},"o":{"x":[0.27,0.27,0.27],"y":[0,0,0]},"t":32,"s":[50,50,100]},{"i":{"x":[0.73,0.73,0.73],"y":[1,1,1]},"o":{"x":[0.27,0.27,0.27],"y":[0,0,0]},"t":48,"s":[100,100,100]},{"i":{"x":[0.73,0.73,0.73],"y":[1,1,1]},"o":{"x":[0.27,0.27,0.27],"y":[0,0,0]},"t":76,"s":[100,100,100]},{"i":{"x":[0.73,0.73,0.73],"y":[1,1,1]},"o":{"x":[0.27,0.27,0.27],"y":[0,0,0]},"t":106,"s":[50,50,100]},{"i":{"x":[0.73,0.73,0.73],"y":[1,1,1]},"o":{"x":[0.27,0.27,0.27],"y":[0,0,0]},"t":136,"s":[100,100,100]},{"i":{"x":[0.73,0.73,0.73],"y":[1,1,1]},"o":{"x":[0.27,0.27,0.27],"y":[0,0,0]},"t":157,"s":[100,100,100]},{"i":{"x":[0.73,0.73,0.73],"y":[1,1,1]},"o":{"x":[0.27,0.27,0.27],"y":[0,0,0]},"t":180,"s":[80,80,100]},{"t":196,"s":[100,100,100]}],"ix":6,"l":2,"x":"var $bm_rt;\n$bm_rt = loopOut('cycle');"}},"ao":0,"shapes":[{"ty":"gr","it":[{"ind":0,"ty":"sh","ix":1,"ks":{"a":0,"k":{"i":[[0,-11.046],[11.046,0],[0,11.046],[-11.046,0]],"o":[[0,11.046],[-11.046,0],[0,-11.046],[11.046,0]],"v":[[20,0],[0,20],[-20,0],[0,-20]],"c":true},"ix":2},"nm":"Path 1","mn":"ADBE Vector Shape - Group","hd":false},{"ty":"fl","c":{"a":1,"k":[{"i":{"x":[0.73],"y":[1]},"o":{"x":[0.27],"y":[0]},"t":16,"s":[0.264129161835,0.890581429005,0.898039221764,1]},{"i":{"x":[0.73],"y":[1]},"o":{"x":[0.27],"y":[0]},"t":32,"s":[0.80206143856,0.256962686777,0.850980401039,1]},{"i":{"x":[0.73],"y":[1]},"o":{"x":[0.27],"y":[0]},"t":48,"s":[0.264129161835,0.890581429005,0.898039221764,1]},{"i":{"x":[0.73],"y":[1]},"o":{"x":[0.27],"y":[0]},"t":76,"s":[0.264129161835,0.890581429005,0.898039221764,1]},{"i":{"x":[0.73],"y":[1]},"o":{"x":[0.27],"y":[0]},"t":106,"s":[0.80206143856,0.256962686777,0.850980401039,1]},{"i":{"x":[0.73],"y":[1]},"o":{"x":[0.27],"y":[0]},"t":136,"s":[0.264129161835,0.890581429005,0.898039221764,1]},{"i":{"x":[0.73],"y":[1]},"o":{"x":[0.27],"y":[0]},"t":157,"s":[0.264129161835,0.890581429005,0.898039221764,1]},{"i":{"x":[0.73],"y":[1]},"o":{"x":[0.27],"y":[0]},"t":180,"s":[0.80206143856,0.256962686777,0.850980401039,1]},{"t":196,"s":[0.264129161835,0.890581429005,0.898039221764,1]}],"ix":4,"x":"var $bm_rt;\n$bm_rt = loopOut('cycle');"},"o":{"a":0,"k":100,"ix":5},"r":1,"bm":0,"nm":"Fill 1","mn":"ADBE Vector Graphic - Fill","hd":false},{"ty":"tr","p":{"a":0,"k":[552,510],"ix":2},"a":{"a":0,"k":[0,0],"ix":1},"s":{"a":0,"k":[100,100],"ix":3},"r":{"a":0,"k":0,"ix":6},"o":{"a":0,"k":100,"ix":7},"sk":{"a":0,"k":0,"ix":4},"sa":{"a":0,"k":0,"ix":5},"nm":"Transform"}],"nm":"Group 8","np":2,"cix":2,"bm":0,"ix":1,"mn":"ADBE Vector Group","hd":false},{"ty":"gr","it":[{"ty":"fl","c":{"a":1,"k":[{"i":{"x":[0.73],"y":[1]},"o":{"x":[0.27],"y":[0]},"t":8,"s":[0.264129161835,0.890581429005,0.898039221764,1]},{"i":{"x":[0.73],"y":[1]},"o":{"x":[0.27],"y":[0]},"t":16,"s":[0.264129161835,0.890581429005,0.898039221764,1]},{"i":{"x":[0.73],"y":[1]},"o":{"x":[0.27],"y":[0]},"t":24,"s":[0.80206143856,0.256962686777,0.850980401039,1]},{"i":{"x":[0.73],"y":[1]},"o":{"x":[0.27],"y":[0]},"t":32,"s":[0.80206143856,0.256962686777,0.850980401039,1]},{"i":{"x":[0.73],"y":[1]},"o":{"x":[0.27],"y":[0]},"t":40,"s":[0.264129161835,0.890581429005,0.898039221764,1]},{"i":{"x":[0.73],"y":[1]},"o":{"x":[0.27],"y":[0]},"t":48,"s":[0.264129161835,0.890581429005,0.898039221764,1]},{"i":{"x":[0.73],"y":[1]},"o":{"x":[0.27],"y":[0]},"t":68,"s":[0.264129161835,0.890581429005,0.898039221764,1]},{"i":{"x":[0.73],"y":[1]},"o":{"x":[0.27],"y":[0]},"t":76,"s":[0.264129161835,0.890581429005,0.898039221764,1]},{"i":{"x":[0.73],"y":[1]},"o":{"x":[0.27],"y":[0]},"t":98,"s":[0.80206143856,0.256962686777,0.850980401039,1]},{"i":{"x":[0.73],"y":[1]},"o":{"x":[0.27],"y":[0]},"t":106,"s":[0.80206143856,0.256962686777,0.850980401039,1]},{"i":{"x":[0.73],"y":[1]},"o":{"x":[0.27],"y":[0]},"t":128,"s":[0.264129161835,0.890581429005,0.898039221764,1]},{"i":{"x":[0.73],"y":[1]},"o":{"x":[0.27],"y":[0]},"t":136,"s":[0.264129161835,0.890581429005,0.898039221764,1]},{"i":{"x":[0.73],"y":[1]},"o":{"x":[0.27],"y":[0]},"t":149,"s":[0.264129161835,0.890581429005,0.898039221764,1]},{"i":{"x":[0.73],"y":[1]},"o":{"x":[0.27],"y":[0]},"t":157,"s":[0.264129161835,0.890581429005,0.898039221764,1]},{"i":{"x":[0.73],"y":[1]},"o":{"x":[0.27],"y":[0]},"t":172,"s":[0.80206143856,0.256962686777,0.850980401039,1]},{"i":{"x":[0.73],"y":[1]},"o":{"x":[0.27],"y":[0]},"t":180,"s":[0.80206143856,0.256962686777,0.850980401039,1]},{"i":{"x":[0.73],"y":[1]},"o":{"x":[0.27],"y":[0]},"t":188,"s":[0.264129161835,0.890581429005,0.898039221764,1]},{"t":196,"s":[0.264129161835,0.890581429005,0.898039221764,1]}],"ix":4,"x":"var $bm_rt;\n$bm_rt = loopOut('cycle');"},"o":{"a":0,"k":100,"ix":5},"r":1,"bm":0,"nm":"Fill 1","mn":"ADBE Vector Graphic - Fill","hd":false},{"ty":"tr","p":{"a":0,"k":[0,0],"ix":2},"a":{"a":0,"k":[0,0],"ix":1},"s":{"a":0,"k":[100,100],"ix":3},"r":{"a":0,"k":0,"ix":6},"o":{"a":0,"k":100,"ix":7},"sk":{"a":0,"k":0,"ix":4},"sa":{"a":0,"k":0,"ix":5},"nm":"Transform"}],"nm":"Group 9","np":1,"cix":2,"bm":0,"ix":2,"mn":"ADBE Vector Group","hd":false}],"ip":0,"op":892,"st":52,"bm":0},{"ddd":0,"ind":9,"ty":4,"nm":"Layer 11 - Group 9","sr":1,"ks":{"o":{"a":0,"k":100,"ix":11},"r":{"a":0,"k":0,"ix":10},"p":{"a":0,"k":[324,300,0],"ix":2,"l":2},"a":{"a":0,"k":[324,510,0],"ix":1,"l":2},"s":{"a":1,"k":[{"i":{"x":[0.73,0.73,0.73],"y":[1,1,1]},"o":{"x":[0.27,0.27,0.27],"y":[0,0,0]},"t":8,"s":[100,100,100]},{"i":{"x":[0.73,0.73,0.73],"y":[1,1,1]},"o":{"x":[0.27,0.27,0.27],"y":[0,0,0]},"t":24,"s":[50,50,100]},{"i":{"x":[0.73,0.73,0.73],"y":[1,1,1]},"o":{"x":[0.27,0.27,0.27],"y":[0,0,0]},"t":40,"s":[100,100,100]},{"i":{"x":[0.73,0.73,0.73],"y":[1,1,1]},"o":{"x":[0.27,0.27,0.27],"y":[0,0,0]},"t":68,"s":[100,100,100]},{"i":{"x":[0.73,0.73,0.73],"y":[1,1,1]},"o":{"x":[0.27,0.27,0.27],"y":[0,0,0]},"t":98,"s":[50,50,100]},{"i":{"x":[0.73,0.73,0.73],"y":[1,1,1]},"o":{"x":[0.27,0.27,0.27],"y":[0,0,0]},"t":128,"s":[100,100,100]},{"i":{"x":[0.73,0.73,0.73],"y":[1,1,1]},"o":{"x":[0.27,0.27,0.27],"y":[0,0,0]},"t":149,"s":[100,100,100]},{"i":{"x":[0.73,0.73,0.73],"y":[1,1,1]},"o":{"x":[0.27,0.27,0.27],"y":[0,0,0]},"t":172,"s":[80,80,100]},{"t":188,"s":[100,100,100]}],"ix":6,"l":2,"x":"var $bm_rt;\n$bm_rt = loopOut('cycle');"}},"ao":0,"shapes":[{"ty":"gr","it":[{"ind":0,"ty":"sh","ix":1,"ks":{"a":0,"k":{"i":[[0,-11.046],[11.046,0],[0,11.046],[-11.046,0]],"o":[[0,11.046],[-11.046,0],[0,-11.046],[11.046,0]],"v":[[20,0],[0,20],[-20,0],[0,-20]],"c":true},"ix":2},"nm":"Path 1","mn":"ADBE Vector Shape - Group","hd":false},{"ty":"fl","c":{"a":1,"k":[{"i":{"x":[0.73],"y":[1]},"o":{"x":[0.27],"y":[0]},"t":8,"s":[0.264129161835,0.890581429005,0.898039221764,1]},{"i":{"x":[0.73],"y":[1]},"o":{"x":[0.27],"y":[0]},"t":24,"s":[0.80206143856,0.256962686777,0.850980401039,1]},{"i":{"x":[0.73],"y":[1]},"o":{"x":[0.27],"y":[0]},"t":40,"s":[0.264129161835,0.890581429005,0.898039221764,1]},{"i":{"x":[0.73],"y":[1]},"o":{"x":[0.27],"y":[0]},"t":68,"s":[0.264129161835,0.890581429005,0.898039221764,1]},{"i":{"x":[0.73],"y":[1]},"o":{"x":[0.27],"y":[0]},"t":98,"s":[0.80206143856,0.256962686777,0.850980401039,1]},{"i":{"x":[0.73],"y":[1]},"o":{"x":[0.27],"y":[0]},"t":128,"s":[0.264129161835,0.890581429005,0.898039221764,1]},{"i":{"x":[0.73],"y":[1]},"o":{"x":[0.27],"y":[0]},"t":149,"s":[0.264129161835,0.890581429005,0.898039221764,1]},{"i":{"x":[0.73],"y":[1]},"o":{"x":[0.27],"y":[0]},"t":172,"s":[0.80206143856,0.256962686777,0.850980401039,1]},{"t":188,"s":[0.264129161835,0.890581429005,0.898039221764,1]}],"ix":4,"x":"var $bm_rt;\n$bm_rt = loopOut('cycle');"},"o":{"a":0,"k":100,"ix":5},"r":1,"bm":0,"nm":"Fill 1","mn":"ADBE Vector Graphic - Fill","hd":false},{"ty":"tr","p":{"a":0,"k":[324,510],"ix":2},"a":{"a":0,"k":[0,0],"ix":1},"s":{"a":0,"k":[100,100],"ix":3},"r":{"a":0,"k":0,"ix":6},"o":{"a":0,"k":100,"ix":7},"sk":{"a":0,"k":0,"ix":4},"sa":{"a":0,"k":0,"ix":5},"nm":"Transform"}],"nm":"Group 9","np":2,"cix":2,"bm":0,"ix":1,"mn":"ADBE Vector Group","hd":false}],"ip":0,"op":866,"st":26,"bm":0},{"ddd":0,"ind":10,"ty":4,"nm":"Layer 11 - Group 10","sr":1,"ks":{"o":{"a":0,"k":100,"ix":11},"r":{"a":0,"k":0,"ix":10},"p":{"a":0,"k":[476,300,0],"ix":2,"l":2},"a":{"a":0,"k":[476,510,0],"ix":1,"l":2},"s":{"a":1,"k":[{"i":{"x":[0.73,0.73,0.73],"y":[1,1,1]},"o":{"x":[0.27,0.27,0.27],"y":[0,0,0]},"t":8,"s":[100,100,100]},{"i":{"x":[0.73,0.73,0.73],"y":[1,1,1]},"o":{"x":[0.27,0.27,0.27],"y":[0,0,0]},"t":24,"s":[50,50,100]},{"i":{"x":[0.73,0.73,0.73],"y":[1,1,1]},"o":{"x":[0.27,0.27,0.27],"y":[0,0,0]},"t":40,"s":[100,100,100]},{"i":{"x":[0.73,0.73,0.73],"y":[1,1,1]},"o":{"x":[0.27,0.27,0.27],"y":[0,0,0]},"t":68,"s":[100,100,100]},{"i":{"x":[0.73,0.73,0.73],"y":[1,1,1]},"o":{"x":[0.27,0.27,0.27],"y":[0,0,0]},"t":98,"s":[50,50,100]},{"i":{"x":[0.73,0.73,0.73],"y":[1,1,1]},"o":{"x":[0.27,0.27,0.27],"y":[0,0,0]},"t":128,"s":[100,100,100]},{"i":{"x":[0.73,0.73,0.73],"y":[1,1,1]},"o":{"x":[0.27,0.27,0.27],"y":[0,0,0]},"t":149,"s":[100,100,100]},{"i":{"x":[0.73,0.73,0.73],"y":[1,1,1]},"o":{"x":[0.27,0.27,0.27],"y":[0,0,0]},"t":172,"s":[80,80,100]},{"t":188,"s":[100,100,100]}],"ix":6,"l":2,"x":"var $bm_rt;\n$bm_rt = loopOut('cycle');"}},"ao":0,"shapes":[{"ty":"gr","it":[{"ind":0,"ty":"sh","ix":1,"ks":{"a":0,"k":{"i":[[0,-11.046],[11.046,0],[0,11.046],[-11.046,0]],"o":[[0,11.046],[-11.046,0],[0,-11.046],[11.046,0]],"v":[[20,0],[0,20],[-20,0],[0,-20]],"c":true},"ix":2},"nm":"Path 1","mn":"ADBE Vector Shape - Group","hd":false},{"ty":"fl","c":{"a":1,"k":[{"i":{"x":[0.73],"y":[1]},"o":{"x":[0.27],"y":[0]},"t":8,"s":[0.264129161835,0.890581429005,0.898039221764,1]},{"i":{"x":[0.73],"y":[1]},"o":{"x":[0.27],"y":[0]},"t":24,"s":[0.80206143856,0.256962686777,0.850980401039,1]},{"i":{"x":[0.73],"y":[1]},"o":{"x":[0.27],"y":[0]},"t":40,"s":[0.264129161835,0.890581429005,0.898039221764,1]},{"i":{"x":[0.73],"y":[1]},"o":{"x":[0.27],"y":[0]},"t":68,"s":[0.264129161835,0.890581429005,0.898039221764,1]},{"i":{"x":[0.73],"y":[1]},"o":{"x":[0.27],"y":[0]},"t":98,"s":[0.80206143856,0.256962686777,0.850980401039,1]},{"i":{"x":[0.73],"y":[1]},"o":{"x":[0.27],"y":[0]},"t":128,"s":[0.264129161835,0.890581429005,0.898039221764,1]},{"i":{"x":[0.73],"y":[1]},"o":{"x":[0.27],"y":[0]},"t":149,"s":[0.264129161835,0.890581429005,0.898039221764,1]},{"i":{"x":[0.73],"y":[1]},"o":{"x":[0.27],"y":[0]},"t":172,"s":[0.80206143856,0.256962686777,0.850980401039,1]},{"t":188,"s":[0.264129161835,0.890581429005,0.898039221764,1]}],"ix":4,"x":"var $bm_rt;\n$bm_rt = loopOut('cycle');"},"o":{"a":0,"k":100,"ix":5},"r":1,"bm":0,"nm":"Fill 1","mn":"ADBE Vector Graphic - Fill","hd":false},{"ty":"tr","p":{"a":0,"k":[476,510],"ix":2},"a":{"a":0,"k":[0,0],"ix":1},"s":{"a":0,"k":[100,100],"ix":3},"r":{"a":0,"k":0,"ix":6},"o":{"a":0,"k":100,"ix":7},"sk":{"a":0,"k":0,"ix":4},"sa":{"a":0,"k":0,"ix":5},"nm":"Transform"}],"nm":"Group 10","np":2,"cix":2,"bm":0,"ix":1,"mn":"ADBE Vector Group","hd":false}],"ip":0,"op":866,"st":26,"bm":0},{"ddd":0,"ind":11,"ty":4,"nm":"Layer 11 - Group 11","sr":1,"ks":{"o":{"a":0,"k":100,"ix":11},"r":{"a":0,"k":0,"ix":10},"p":{"a":0,"k":[400,300,0],"ix":2,"l":2},"a":{"a":0,"k":[400,510,0],"ix":1,"l":2},"s":{"a":1,"k":[{"i":{"x":[0.73,0.73,0.73],"y":[1,1,1]},"o":{"x":[0.27,0.27,0.27],"y":[0,0,0]},"t":0,"s":[100,100,100]},{"i":{"x":[0.73,0.73,0.73],"y":[1,1,1]},"o":{"x":[0.27,0.27,0.27],"y":[0,0,0]},"t":16,"s":[50,50,100]},{"i":{"x":[0.73,0.73,0.73],"y":[1,1,1]},"o":{"x":[0.27,0.27,0.27],"y":[0,0,0]},"t":32,"s":[100,100,100]},{"i":{"x":[0.73,0.73,0.73],"y":[1,1,1]},"o":{"x":[0.27,0.27,0.27],"y":[0,0,0]},"t":60,"s":[100,100,100]},{"i":{"x":[0.73,0.73,0.73],"y":[1,1,1]},"o":{"x":[0.27,0.27,0.27],"y":[0,0,0]},"t":90,"s":[50,50,100]},{"i":{"x":[0.73,0.73,0.73],"y":[1,1,1]},"o":{"x":[0.27,0.27,0.27],"y":[0,0,0]},"t":120,"s":[100,100,100]},{"i":{"x":[0.73,0.73,0.73],"y":[1,1,1]},"o":{"x":[0.27,0.27,0.27],"y":[0,0,0]},"t":141,"s":[100,100,100]},{"i":{"x":[0.73,0.73,0.73],"y":[1,1,1]},"o":{"x":[0.27,0.27,0.27],"y":[0,0,0]},"t":164,"s":[80,80,100]},{"t":180,"s":[100,100,100]}],"ix":6,"l":2,"x":"var $bm_rt;\n$bm_rt = loopOut('cycle');"}},"ao":0,"shapes":[{"ty":"gr","it":[{"ind":0,"ty":"sh","ix":1,"ks":{"a":0,"k":{"i":[[0,-11.046],[11.046,0],[0,11.046],[-11.046,0]],"o":[[0,11.046],[-11.046,0],[0,-11.046],[11.046,0]],"v":[[20,0],[0,20],[-20,0],[0,-20]],"c":true},"ix":2},"nm":"Path 1","mn":"ADBE Vector Shape - Group","hd":false},{"ty":"fl","c":{"a":1,"k":[{"i":{"x":[0.73],"y":[1]},"o":{"x":[0.27],"y":[0]},"t":0,"s":[0.264129161835,0.890581429005,0.898039221764,1]},{"i":{"x":[0.73],"y":[1]},"o":{"x":[0.27],"y":[0]},"t":16,"s":[0.80206143856,0.256962686777,0.850980401039,1]},{"i":{"x":[0.73],"y":[1]},"o":{"x":[0.27],"y":[0]},"t":32,"s":[0.264129161835,0.890581429005,0.898039221764,1]},{"i":{"x":[0.73],"y":[1]},"o":{"x":[0.27],"y":[0]},"t":60,"s":[0.264129161835,0.890581429005,0.898039221764,1]},{"i":{"x":[0.73],"y":[1]},"o":{"x":[0.27],"y":[0]},"t":90,"s":[0.80206143856,0.256962686777,0.850980401039,1]},{"i":{"x":[0.73],"y":[1]},"o":{"x":[0.27],"y":[0]},"t":120,"s":[0.264129161835,0.890581429005,0.898039221764,1]},{"i":{"x":[0.73],"y":[1]},"o":{"x":[0.27],"y":[0]},"t":141,"s":[0.264129161835,0.890581429005,0.898039221764,1]},{"i":{"x":[0.73],"y":[1]},"o":{"x":[0.27],"y":[0]},"t":164,"s":[0.80206143856,0.256962686777,0.850980401039,1]},{"t":180,"s":[0.264129161835,0.890581429005,0.898039221764,1]}],"ix":4,"x":"var $bm_rt;\n$bm_rt = loopOut('cycle');"},"o":{"a":0,"k":100,"ix":5},"r":1,"bm":0,"nm":"Fill 1","mn":"ADBE Vector Graphic - Fill","hd":false},{"ty":"tr","p":{"a":0,"k":[400,510],"ix":2},"a":{"a":0,"k":[0,0],"ix":1},"s":{"a":0,"k":[100,100],"ix":3},"r":{"a":0,"k":0,"ix":6},"o":{"a":0,"k":100,"ix":7},"sk":{"a":0,"k":0,"ix":4},"sa":{"a":0,"k":0,"ix":5},"nm":"Transform"}],"nm":"Group 11","np":2,"cix":2,"bm":0,"ix":1,"mn":"ADBE Vector Group","hd":false}],"ip":0,"op":840,"st":0,"bm":0}]}],"layers":[{"ddd":0,"ind":1,"ty":0,"nm":"line ripple 2","refId":"comp_0","sr":1,"ks":{"o":{"a":0,"k":100,"ix":11},"r":{"a":0,"k":0,"ix":10},"p":{"a":0,"k":[400,323,0],"ix":2,"l":2},"a":{"a":0,"k":[400,300,0],"ix":1,"l":2},"s":{"a":0,"k":[100,100,100],"ix":6,"l":2}},"ao":0,"tm":{"a":1,"k":[{"i":{"x":[0.833],"y":[0.833]},"o":{"x":[0.167],"y":[0.167]},"t":-154,"s":[0]},{"t":686,"s":[14]}],"ix":2},"w":800,"h":600,"ip":-154,"op":760,"st":-154,"bm":0},{"ddd":0,"ind":2,"ty":0,"nm":"line ripple 2","refId":"comp_0","sr":1,"ks":{"o":{"a":0,"k":100,"ix":11},"r":{"a":0,"k":0,"ix":10},"p":{"a":0,"k":[400,383,0],"ix":2,"l":2},"a":{"a":0,"k":[400,300,0],"ix":1,"l":2},"s":{"a":0,"k":[100,100,100],"ix":6,"l":2}},"ao":0,"tm":{"a":1,"k":[{"i":{"x":[0.833],"y":[0.833]},"o":{"x":[0.167],"y":[0.167]},"t":-142,"s":[0]},{"t":698,"s":[14]}],"ix":2},"w":800,"h":600,"ip":-154,"op":760,"st":-142,"bm":0},{"ddd":0,"ind":3,"ty":0,"nm":"line ripple 2","refId":"comp_0","sr":1,"ks":{"o":{"a":0,"k":100,"ix":11},"r":{"a":0,"k":0,"ix":10},"p":{"a":0,"k":[400,443,0],"ix":2,"l":2},"a":{"a":0,"k":[400,300,0],"ix":1,"l":2},"s":{"a":0,"k":[100,100,100],"ix":6,"l":2}},"ao":0,"tm":{"a":1,"k":[{"i":{"x":[0.833],"y":[0.833]},"o":{"x":[0.167],"y":[0.167]},"t":-130,"s":[0]},{"t":710,"s":[14]}],"ix":2},"w":800,"h":600,"ip":-154,"op":760,"st":-130,"bm":0},{"ddd":0,"ind":4,"ty":0,"nm":"line ripple 2","refId":"comp_0","sr":1,"ks":{"o":{"a":0,"k":100,"ix":11},"r":{"a":0,"k":0,"ix":10},"p":{"a":0,"k":[400,503,0],"ix":2,"l":2},"a":{"a":0,"k":[400,300,0],"ix":1,"l":2},"s":{"a":0,"k":[100,100,100],"ix":6,"l":2}},"ao":0,"tm":{"a":1,"k":[{"i":{"x":[0.833],"y":[0.833]},"o":{"x":[0.167],"y":[0.167]},"t":-118,"s":[0]},{"t":722,"s":[14]}],"ix":2},"w":800,"h":600,"ip":-154,"op":760,"st":-118,"bm":0},{"ddd":0,"ind":5,"ty":0,"nm":"line ripple 2","refId":"comp_0","sr":1,"ks":{"o":{"a":0,"k":100,"ix":11},"r":{"a":0,"k":0,"ix":10},"p":{"a":0,"k":[400,563,0],"ix":2,"l":2},"a":{"a":0,"k":[400,300,0],"ix":1,"l":2},"s":{"a":0,"k":[100,100,100],"ix":6,"l":2}},"ao":0,"tm":{"a":1,"k":[{"i":{"x":[0.833],"y":[0.833]},"o":{"x":[0.167],"y":[0.167]},"t":-106,"s":[0]},{"t":734,"s":[14]}],"ix":2},"w":800,"h":600,"ip":-154,"op":760,"st":-106,"bm":0},{"ddd":0,"ind":6,"ty":0,"nm":"line ripple 2","refId":"comp_0","sr":1,"ks":{"o":{"a":0,"k":100,"ix":11},"r":{"a":0,"k":0,"ix":10},"p":{"a":0,"k":[400,23,0],"ix":2,"l":2},"a":{"a":0,"k":[400,300,0],"ix":1,"l":2},"s":{"a":0,"k":[100,100,100],"ix":6,"l":2}},"ao":0,"tm":{"a":1,"k":[{"i":{"x":[0.833],"y":[0.833]},"o":{"x":[0.167],"y":[0.167]},"t":-106,"s":[0]},{"t":734,"s":[14]}],"ix":2},"w":800,"h":600,"ip":-154,"op":760,"st":-106,"bm":0},{"ddd":0,"ind":7,"ty":0,"nm":"line ripple 2","refId":"comp_0","sr":1,"ks":{"o":{"a":0,"k":100,"ix":11},"r":{"a":0,"k":0,"ix":10},"p":{"a":0,"k":[400,83,0],"ix":2,"l":2},"a":{"a":0,"k":[400,300,0],"ix":1,"l":2},"s":{"a":0,"k":[100,100,100],"ix":6,"l":2}},"ao":0,"tm":{"a":1,"k":[{"i":{"x":[0.833],"y":[0.833]},"o":{"x":[0.167],"y":[0.167]},"t":-118,"s":[0]},{"t":722,"s":[14]}],"ix":2},"w":800,"h":600,"ip":-154,"op":760,"st":-118,"bm":0},{"ddd":0,"ind":8,"ty":0,"nm":"line ripple 2","refId":"comp_0","sr":1,"ks":{"o":{"a":0,"k":100,"ix":11},"r":{"a":0,"k":0,"ix":10},"p":{"a":0,"k":[400,143,0],"ix":2,"l":2},"a":{"a":0,"k":[400,300,0],"ix":1,"l":2},"s":{"a":0,"k":[100,100,100],"ix":6,"l":2}},"ao":0,"tm":{"a":1,"k":[{"i":{"x":[0.833],"y":[0.833]},"o":{"x":[0.167],"y":[0.167]},"t":-130,"s":[0]},{"t":710,"s":[14]}],"ix":2},"w":800,"h":600,"ip":-154,"op":760,"st":-130,"bm":0},{"ddd":0,"ind":9,"ty":0,"nm":"line ripple 2","refId":"comp_0","sr":1,"ks":{"o":{"a":0,"k":100,"ix":11},"r":{"a":0,"k":0,"ix":10},"p":{"a":0,"k":[400,203,0],"ix":2,"l":2},"a":{"a":0,"k":[400,300,0],"ix":1,"l":2},"s":{"a":0,"k":[100,100,100],"ix":6,"l":2}},"ao":0,"tm":{"a":1,"k":[{"i":{"x":[0.833],"y":[0.833]},"o":{"x":[0.167],"y":[0.167]},"t":-142,"s":[0]},{"t":698,"s":[14]}],"ix":2},"w":800,"h":600,"ip":-154,"op":760,"st":-142,"bm":0},{"ddd":0,"ind":10,"ty":0,"nm":"line ripple 2","refId":"comp_0","sr":1,"ks":{"o":{"a":0,"k":100,"ix":11},"r":{"a":0,"k":0,"ix":10},"p":{"a":0,"k":[400,263,0],"ix":2,"l":2},"a":{"a":0,"k":[400,300,0],"ix":1,"l":2},"s":{"a":0,"k":[100,100,100],"ix":6,"l":2}},"ao":0,"tm":{"a":1,"k":[{"i":{"x":[0.833],"y":[0.833]},"o":{"x":[0.167],"y":[0.167]},"t":-154,"s":[0]},{"t":686,"s":[14]}],"ix":2},"w":800,"h":600,"ip":-154,"op":760,"st":-154,"bm":0}],"markers":[]}