{"v":"5.5.7","fr":60,"ip":0,"op":131,"w":720,"h":720,"nm":"Main Correct","ddd":0,"assets":[{"id":"comp_0","layers":[{"ddd":0,"ind":1,"ty":0,"nm":"Tick","refId":"comp_1","sr":1,"ks":{"o":{"a":0,"k":100,"ix":11},"r":{"a":0,"k":0,"ix":10},"p":{"a":1,"k":[{"i":{"x":0,"y":1},"o":{"x":0.333,"y":0},"t":0,"s":[256,256,0],"e":[256,226,0],"to":[0,-5,0],"ti":[0,0,0]},{"i":{"x":0.3,"y":1},"o":{"x":0.333,"y":0},"t":32,"s":[256,226,0],"e":[256,256,0],"to":[0,0,0],"ti":[0,-5,0]},{"t":60}],"ix":2},"a":{"a":0,"k":[256,256,0],"ix":1},"s":{"a":0,"k":[100,100,100],"ix":6}},"ao":0,"w":512,"h":512,"ip":0,"op":161,"st":0,"bm":0},{"ddd":0,"ind":2,"ty":4,"nm":"Base","sr":1,"ks":{"o":{"a":0,"k":100,"ix":11},"r":{"a":0,"k":0,"ix":10},"p":{"a":0,"k":[250.189,250.189,0],"ix":2},"a":{"a":0,"k":[0,0,0],"ix":1},"s":{"a":0,"k":[-100,100,100],"ix":6}},"ao":0,"shapes":[{"ty":"gr","it":[{"ind":0,"ty":"sh","ix":1,"ks":{"a":0,"k":{"i":[[13.014,9.87],[8.121,-12.171],[17.701,-7.337],[18.779,3.727],[13.538,13.539],[4.833,11.558],[4.833,-15.838],[-13.771,-9.229],[-27.28,0.022],[-25.854,25.854],[-6.871,17.818]],"o":[[-2.009,14.382],[-10.627,15.926],[-17.701,7.337],[-18.779,-3.756],[-8.938,-8.938],[-9.986,12.752],[9.55,13.305],[22.68,15.139],[36.568,-0.029],[13.771,-13.771],[-8.647,-13.946]],"v":[[-290.76,-378.698],[-306.132,-338.374],[-349.6,-302.709],[-405.558,-297.177],[-455.14,-323.701],[-475.985,-354.795],[-498.52,-311.618],[-463.263,-277.525],[-386.663,-254.292],[-289.188,-294.732],[-257.977,-342.683]],"c":true},"ix":2},"nm":"Path 1","mn":"ADBE Vector Shape - Group","hd":false},{"ty":"fl","c":{"a":0,"k":[1,1,1,1],"ix":4},"o":{"a":0,"k":17,"ix":5},"r":1,"bm":0,"nm":"Fill 1","mn":"ADBE Vector Graphic - Fill","hd":false},{"ty":"tr","p":{"a":0,"k":[368.789,261.103],"ix":2},"a":{"a":0,"k":[0,0],"ix":1},"s":{"a":0,"k":[100,100],"ix":3},"r":{"a":0,"k":0,"ix":6},"o":{"a":0,"k":100,"ix":7},"sk":{"a":0,"k":0,"ix":4},"sa":{"a":0,"k":0,"ix":5},"nm":"Transform"}],"nm":"Group 2","np":2,"cix":2,"bm":0,"ix":1,"mn":"ADBE Vector Group","hd":false},{"ty":"gr","it":[{"ind":0,"ty":"sh","ix":1,"ks":{"a":0,"k":{"i":[[4.061,1.675],[28.493,-5.68],[20.557,-20.526],[5.922,-27.595],[-14.821,-3.193],[-3.318,7.969],[-16.975,11.327],[-20.371,0],[-16.123,-9.953],[-2.45,15.038]],"o":[[-26.82,-11.131],[-28.464,5.674],[-19.968,19.998],[12.681,7.472],[1.209,-8.465],[7.814,-18.851],[16.961,-11.317],[19.223,0.031],[6.79,-13.023],[-3.845,-2.047]],"v":[[-357.088,-576.382],[-441.952,-584.753],[-517.141,-544.569],[-556.829,-471.643],[-515.374,-455.427],[-508.584,-480.201],[-470.601,-526.493],[-413.302,-543.856],[-359.29,-528.508],[-345.213,-570.801]],"c":true},"ix":2},"nm":"Path 1","mn":"ADBE Vector Shape - Group","hd":false},{"ty":"fl","c":{"a":0,"k":[1,1,1,1],"ix":4},"o":{"a":0,"k":17,"ix":5},"r":1,"bm":0,"nm":"Fill 1","mn":"ADBE Vector Graphic - Fill","hd":false},{"ty":"tr","p":{"a":0,"k":[482.941,588.239],"ix":2},"a":{"a":0,"k":[0,0],"ix":1},"s":{"a":0,"k":[100,100],"ix":3},"r":{"a":0,"k":0,"ix":6},"o":{"a":0,"k":100,"ix":7},"sk":{"a":0,"k":0,"ix":4},"sa":{"a":0,"k":0,"ix":5},"nm":"Transform"}],"nm":"Group 1","np":2,"cix":2,"bm":0,"ix":2,"mn":"ADBE Vector Group","hd":false},{"ty":"gr","it":[{"d":1,"ty":"el","s":{"a":0,"k":[91.459,91.459],"ix":2},"p":{"a":0,"k":[0,0],"ix":3},"nm":"Ellipse Path 1","mn":"ADBE Vector Shape - Ellipse","hd":false},{"ty":"fl","c":{"a":0,"k":[1,0.719999969006,0,1],"ix":4},"o":{"a":0,"k":100,"ix":5},"r":1,"bm":0,"nm":"Fill 1","mn":"ADBE Vector Graphic - Fill","hd":false},{"ty":"tr","p":{"a":0,"k":[0,0],"ix":2},"a":{"a":0,"k":[0,0],"ix":1},"s":{"a":0,"k":[300,300],"ix":3},"r":{"a":0,"k":0,"ix":6},"o":{"a":0,"k":100,"ix":7},"sk":{"a":0,"k":0,"ix":4},"sa":{"a":0,"k":0,"ix":5},"nm":"Transform"}],"nm":"Ellipse 5.1","np":2,"cix":2,"bm":0,"ix":3,"mn":"ADBE Vector Group","hd":false,"cl":"1"}],"ip":0,"op":226,"st":0,"bm":0},{"ddd":0,"ind":3,"ty":4,"nm":"Base White","sr":1,"ks":{"o":{"a":0,"k":100,"ix":11},"r":{"a":0,"k":0,"ix":10},"p":{"a":0,"k":[250.189,250.189,0],"ix":2},"a":{"a":0,"k":[0,0,0],"ix":1},"s":{"a":0,"k":[-108,108,100],"ix":6}},"ao":0,"shapes":[{"ty":"gr","it":[{"d":1,"ty":"el","s":{"a":0,"k":[91.459,91.459],"ix":2},"p":{"a":0,"k":[0,0],"ix":3},"nm":"Ellipse Path 1","mn":"ADBE Vector Shape - Ellipse","hd":false},{"ty":"fl","c":{"a":0,"k":[1,1,1,1],"ix":4},"o":{"a":0,"k":100,"ix":5},"r":1,"bm":0,"nm":"Fill 1","mn":"ADBE Vector Graphic - Fill","hd":false},{"ty":"tr","p":{"a":0,"k":[0,0],"ix":2},"a":{"a":0,"k":[0,0],"ix":1},"s":{"a":0,"k":[300,300],"ix":3},"r":{"a":0,"k":0,"ix":6},"o":{"a":0,"k":100,"ix":7},"sk":{"a":0,"k":0,"ix":4},"sa":{"a":0,"k":0,"ix":5},"nm":"Transform"}],"nm":"Ellipse 5.1","np":2,"cix":2,"bm":0,"ix":1,"mn":"ADBE Vector Group","hd":false,"cl":"1"}],"ip":0,"op":226,"st":0,"bm":0}]},{"id":"comp_1","layers":[{"ddd":0,"ind":1,"ty":4,"nm":"Vector 8","sr":1,"ks":{"o":{"a":0,"k":20,"ix":11},"r":{"a":0,"k":0,"ix":10},"p":{"a":0,"k":[295.249,251.832,0],"ix":2},"a":{"a":0,"k":[0,0,0],"ix":1},"s":{"a":0,"k":[100,100,100],"ix":6}},"ao":0,"shapes":[{"ty":"gr","it":[{"ind":0,"ty":"sh","ix":1,"ks":{"a":0,"k":{"i":[[-1.5,-6],[0,0],[0,0],[4.5,3.5],[2,1.667],[-6.4,0.8]],"o":[[0,0],[0,0],[-2.5,2.333],[-4.694,-3.651],[3,2.5],[6.4,-0.8]],"v":[[33.75,-23.777],[7.75,3.721],[-9.25,20.721],[-22.25,22.721],[-33.75,12.721],[-16.25,20.721]],"c":true},"ix":2},"nm":"Path 1","mn":"ADBE Vector Shape - Group","hd":false},{"ty":"fl","c":{"a":0,"k":[1,0.678431391716,0.23137255013,1],"ix":4},"o":{"a":0,"k":100,"ix":5},"r":1,"bm":0,"nm":"Fill 1","mn":"ADBE Vector Graphic - Fill","hd":false},{"ty":"tr","p":{"a":0,"k":[0,0],"ix":2},"a":{"a":0,"k":[0,0],"ix":1},"s":{"a":0,"k":[300,300],"ix":3},"r":{"a":0,"k":0,"ix":6},"o":{"a":0,"k":100,"ix":7},"sk":{"a":0,"k":0,"ix":4},"sa":{"a":0,"k":0,"ix":5},"nm":"Transform"}],"nm":"Vector 8","np":2,"cix":2,"bm":0,"ix":1,"mn":"ADBE Vector Group","hd":false}],"ip":0,"op":263,"st":0,"bm":0},{"ddd":0,"ind":2,"ty":4,"nm":"Vector 7","sr":1,"ks":{"o":{"a":0,"k":100,"ix":11},"r":{"a":0,"k":0,"ix":10},"p":{"a":0,"k":[257.788,199.997,0],"ix":2},"a":{"a":0,"k":[0,0,0],"ix":1},"s":{"a":0,"k":[100,100,100],"ix":6}},"ao":0,"shapes":[{"ty":"gr","it":[{"ind":0,"ty":"sh","ix":1,"ks":{"a":0,"k":{"i":[[7.5,-10],[-7.2,-1.2],[-2.88,-2.304],[-3,-1],[-2,2],[-4.333,4.667],[-0.8,0.4],[5.5,-2.5],[3,2.5]],"o":[[1,-3.5],[1.333,0.167],[2.5,2],[0.333,0],[1.6,-1.6],[5.5,-5.833],[1,-0.5],[-5.5,2.5],[-3,-2.5]],"v":[[-30.763,15.001],[-18.263,6.501],[-11.763,10.001],[-4.763,16.001],[-1.763,14.001],[13.237,-1.999],[30.737,-19.999],[-2.263,19.501],[-14.263,12.001]],"c":true},"ix":2},"nm":"Path 1","mn":"ADBE Vector Shape - Group","hd":false},{"ty":"fl","c":{"a":0,"k":[0.987500011921,1,0.375,1],"ix":4},"o":{"a":0,"k":100,"ix":5},"r":1,"bm":0,"nm":"Fill 1","mn":"ADBE Vector Graphic - Fill","hd":false},{"ty":"tr","p":{"a":0,"k":[0,0],"ix":2},"a":{"a":0,"k":[0,0],"ix":1},"s":{"a":0,"k":[300,300],"ix":3},"r":{"a":0,"k":0,"ix":6},"o":{"a":0,"k":100,"ix":7},"sk":{"a":0,"k":0,"ix":4},"sa":{"a":0,"k":0,"ix":5},"nm":"Transform"}],"nm":"Vector 7","np":2,"cix":2,"bm":0,"ix":1,"mn":"ADBE Vector Group","hd":false}],"ip":0,"op":263,"st":0,"bm":0},{"ddd":0,"ind":3,"ty":4,"nm":"Vector 4","sr":1,"ks":{"o":{"a":0,"k":100,"ix":11},"r":{"a":0,"k":0,"ix":10},"p":{"a":0,"k":[282.501,227.001,0],"ix":2},"a":{"a":0,"k":[0,0,0],"ix":1},"s":{"a":0,"k":[100,100,100],"ix":6}},"ao":0,"shapes":[{"ty":"gr","it":[{"ind":0,"ty":"sh","ix":1,"ks":{"a":0,"k":{"i":[[-3.686,4.197],[0,0],[-4.144,-3.695],[0,0],[-0.744,0.784],[0,0],[-3.966,-4.045],[0,0],[3.78,-3.894],[0,0],[4.013,3.412],[0,0]],"o":[[0,0],[3.664,-4.171],[0,0],[0.807,0.719],[0,0],[3.899,-4.11],[0,0],[3.799,3.875],[0,0],[-3.669,3.78],[0,0],[-4.255,-3.618]],"v":[[-36.793,1.467],[-35.925,0.479],[-21.757,-0.385],[-14.1,6.442],[-11.318,6.325],[21.696,-28.477],[36.091,-28.596],[36.67,-28.006],[36.705,-14.04],[-5.347,29.282],[-19,29.935],[-35.758,15.685]],"c":true},"ix":2},"nm":"Path 1","mn":"ADBE Vector Shape - Group","hd":false},{"ty":"gf","o":{"a":0,"k":100,"ix":10},"r":1,"bm":0,"g":{"p":3,"k":{"a":0,"k":[0,1,0.877,0.231,0.5,0.988,0.939,0.293,1,0.975,1,0.354],"ix":9}},"s":{"a":0,"k":[-43.5,3],"ix":5},"e":{"a":0,"k":[43.5,-5],"ix":6},"t":1,"nm":"Gradient Fill 1","mn":"ADBE Vector Graphic - G-Fill","hd":false},{"ty":"tr","p":{"a":0,"k":[0,0],"ix":2},"a":{"a":0,"k":[0,0],"ix":1},"s":{"a":0,"k":[300,300],"ix":3},"r":{"a":0,"k":0,"ix":6},"o":{"a":0,"k":100,"ix":7},"sk":{"a":0,"k":0,"ix":4},"sa":{"a":0,"k":0,"ix":5},"nm":"Transform"}],"nm":"Vector 4","np":2,"cix":2,"bm":0,"ix":1,"mn":"ADBE Vector Group","hd":false}],"ip":0,"op":263,"st":0,"bm":0}]},{"id":"comp_2","layers":[{"ddd":0,"ind":1,"ty":0,"nm":"confetti base","refId":"comp_3","sr":1,"ks":{"o":{"a":0,"k":100,"ix":11},"r":{"a":0,"k":42,"ix":10},"p":{"a":0,"k":[396,400,0],"ix":2},"a":{"a":0,"k":[400,400,0],"ix":1},"s":{"a":0,"k":[91.5,91.5,100],"ix":6}},"ao":0,"w":800,"h":800,"ip":10.01001001001,"op":130.13013013013,"st":10.01001001001,"bm":0},{"ddd":0,"ind":2,"ty":0,"nm":"confetti base","refId":"comp_3","sr":1,"ks":{"o":{"a":0,"k":100,"ix":11},"r":{"a":0,"k":267,"ix":10},"p":{"a":0,"k":[416,420,0],"ix":2},"a":{"a":0,"k":[400,400,0],"ix":1},"s":{"a":0,"k":[64.5,64.5,100],"ix":6}},"ao":0,"w":800,"h":800,"ip":6.00600600600601,"op":126.126126126126,"st":6.00600600600601,"bm":0},{"ddd":0,"ind":3,"ty":0,"nm":"confetti base","refId":"comp_3","sr":1,"ks":{"o":{"a":0,"k":100,"ix":11},"r":{"a":0,"k":358,"ix":10},"p":{"a":0,"k":[436,400,0],"ix":2},"a":{"a":0,"k":[400,400,0],"ix":1},"s":{"a":0,"k":[64.5,64.5,100],"ix":6}},"ao":0,"w":800,"h":800,"ip":10.01001001001,"op":130.13013013013,"st":10.01001001001,"bm":0},{"ddd":0,"ind":4,"ty":0,"nm":"confetti base","refId":"comp_3","sr":1,"ks":{"o":{"a":0,"k":100,"ix":11},"r":{"a":0,"k":177,"ix":10},"p":{"a":0,"k":[416,380,0],"ix":2},"a":{"a":0,"k":[400,400,0],"ix":1},"s":{"a":0,"k":[64.5,64.5,100],"ix":6}},"ao":0,"w":800,"h":800,"ip":6.00600600600601,"op":126.126126126126,"st":6.00600600600601,"bm":0},{"ddd":0,"ind":5,"ty":0,"nm":"confetti base","refId":"comp_3","sr":1,"ks":{"o":{"a":0,"k":100,"ix":11},"r":{"a":0,"k":132,"ix":10},"p":{"a":0,"k":[416,400,0],"ix":2},"a":{"a":0,"k":[400,400,0],"ix":1},"s":{"a":0,"k":[91.5,91.5,100],"ix":6}},"ao":0,"w":800,"h":800,"ip":2.002002002002,"op":122.122122122122,"st":2.002002002002,"bm":0}]},{"id":"comp_3","layers":[{"ddd":0,"ind":1,"ty":4,"nm":"p20","sr":1,"ks":{"o":{"a":1,"k":[{"i":{"x":[1],"y":[1]},"o":{"x":[0.01],"y":[0]},"t":6.919,"s":[100],"e":[0]},{"t":51.9169169169169}],"ix":11},"r":{"a":1,"k":[{"i":{"x":[0.286],"y":[1]},"o":{"x":[0.635],"y":[0]},"t":0,"s":[123],"e":[0]},{"t":102.102102102102}],"ix":10},"p":{"a":1,"k":[{"i":{"x":0,"y":1},"o":{"x":0.01,"y":0},"t":6.919,"s":[400,400,0],"e":[71,152,0],"to":[1.833,-220.667,0],"ti":[85.167,-23.333,0]},{"t":51.9169169169169}],"ix":2},"a":{"a":0,"k":[0,0,0],"ix":1},"s":{"a":0,"k":[100,100,100],"ix":6}},"ao":0,"shapes":[{"ty":"gr","it":[{"ind":0,"ty":"sh","ix":1,"ks":{"a":0,"k":{"i":[[0,0],[0,0],[0,0],[0,0]],"o":[[0,0],[0,0],[0,0],[0,0]],"v":[[0,-14.223],[-21.723,0.199],[0,14.223],[22.348,0]],"c":true},"ix":2},"nm":"Tracé 1","mn":"ADBE Vector Shape - Group","hd":false},{"ty":"fl","c":{"a":0,"k":[1,0.901960790157,0,1],"ix":4},"o":{"a":0,"k":100,"ix":5},"r":1,"bm":0,"nm":"Fond 1","mn":"ADBE Vector Graphic - Fill","hd":false},{"ty":"tr","p":{"a":0,"k":[0,0],"ix":2},"a":{"a":0,"k":[0,0],"ix":1},"s":{"a":0,"k":[80,80],"ix":3},"r":{"a":0,"k":0,"ix":6},"o":{"a":0,"k":100,"ix":7},"sk":{"a":0,"k":0,"ix":4},"sa":{"a":0,"k":0,"ix":5},"nm":"Transform"}],"nm":"Ellipse 1","np":2,"cix":2,"bm":0,"ix":1,"mn":"ADBE Vector Group","hd":false}],"ip":8.00800800800801,"op":120.12012012012,"st":8.00800800800801,"bm":0},{"ddd":0,"ind":2,"ty":4,"nm":"p19","sr":1,"ks":{"o":{"a":1,"k":[{"i":{"x":[1],"y":[1]},"o":{"x":[0.01],"y":[0]},"t":5.19,"s":[100],"e":[0]},{"t":50.1851851851852}],"ix":11},"r":{"a":1,"k":[{"i":{"x":[0.286],"y":[1]},"o":{"x":[0.635],"y":[0]},"t":0,"s":[-102],"e":[0]},{"t":102.102102102102}],"ix":10},"p":{"a":1,"k":[{"i":{"x":0,"y":1},"o":{"x":0.01,"y":0},"t":5.19,"s":[400,400,0],"e":[579,746,0],"to":[101.833,91.333,0],"ti":[27.167,-153.333,0]},{"t":50.1851851851852}],"ix":2},"a":{"a":0,"k":[0,0,0],"ix":1},"s":{"a":0,"k":[100,100,100],"ix":6}},"ao":0,"shapes":[{"ty":"gr","it":[{"ind":0,"ty":"sh","ix":1,"ks":{"a":0,"k":{"i":[[0,0],[0,0],[0,0],[0,0]],"o":[[0,0],[0,0],[0,0],[0,0]],"v":[[0,-14.223],[-21.723,0.199],[0,14.223],[22.348,0]],"c":true},"ix":2},"nm":"Tracé 1","mn":"ADBE Vector Shape - Group","hd":false},{"ty":"fl","c":{"a":0,"k":[0.611519548005,1,0.838144997989,1],"ix":4},"o":{"a":0,"k":100,"ix":5},"r":1,"bm":0,"nm":"Fond 1","mn":"ADBE Vector Graphic - Fill","hd":false},{"ty":"tr","p":{"a":0,"k":[0,0],"ix":2},"a":{"a":0,"k":[0,0],"ix":1},"s":{"a":0,"k":[80,80],"ix":3},"r":{"a":0,"k":0,"ix":6},"o":{"a":0,"k":100,"ix":7},"sk":{"a":0,"k":0,"ix":4},"sa":{"a":0,"k":0,"ix":5},"nm":"Transform"}],"nm":"Ellipse 1","np":3,"cix":2,"bm":0,"ix":1,"mn":"ADBE Vector Group","hd":false}],"ip":6.00600600600601,"op":120.12012012012,"st":6.00600600600601,"bm":0},{"ddd":0,"ind":3,"ty":4,"nm":"p17","sr":1,"ks":{"o":{"a":1,"k":[{"i":{"x":[1],"y":[1]},"o":{"x":[0.01],"y":[0]},"t":1.729,"s":[100],"e":[0]},{"t":46.7242242242242}],"ix":11},"r":{"a":1,"k":[{"i":{"x":[0.286],"y":[1]},"o":{"x":[0.635],"y":[0]},"t":0,"s":[366],"e":[0]},{"t":102.102102102102}],"ix":10},"p":{"a":1,"k":[{"i":{"x":0,"y":1},"o":{"x":0.01,"y":0},"t":1.729,"s":[400,400,0],"e":[91,556,0],"to":[-82.167,-112.667,0],"ti":[73.167,-199.333,0]},{"t":46.7242242242242}],"ix":2},"a":{"a":0,"k":[0,0,0],"ix":1},"s":{"a":0,"k":[100,100,100],"ix":6}},"ao":0,"shapes":[{"ty":"gr","it":[{"ind":0,"ty":"sh","ix":1,"ks":{"a":0,"k":{"i":[[0,0],[0,0],[0,0],[0,0]],"o":[[0,0],[0,0],[0,0],[0,0]],"v":[[0,-14.223],[-21.723,0.199],[0,14.223],[22.348,0]],"c":true},"ix":2},"nm":"Tracé 1","mn":"ADBE Vector Shape - Group","hd":false},{"ty":"fl","c":{"a":0,"k":[0.611519548005,1,0.838144997989,1],"ix":4},"o":{"a":0,"k":100,"ix":5},"r":1,"bm":0,"nm":"Fond 1","mn":"ADBE Vector Graphic - Fill","hd":false},{"ty":"tr","p":{"a":0,"k":[0,0],"ix":2},"a":{"a":0,"k":[0,0],"ix":1},"s":{"a":0,"k":[80,80],"ix":3},"r":{"a":0,"k":0,"ix":6},"o":{"a":0,"k":100,"ix":7},"sk":{"a":0,"k":0,"ix":4},"sa":{"a":0,"k":0,"ix":5},"nm":"Transform"}],"nm":"Ellipse 1","np":3,"cix":2,"bm":0,"ix":1,"mn":"ADBE Vector Group","hd":false}],"ip":2.002002002002,"op":120.12012012012,"st":2.002002002002,"bm":0},{"ddd":0,"ind":4,"ty":4,"nm":"p16","sr":1,"ks":{"o":{"a":1,"k":[{"i":{"x":[1],"y":[1]},"o":{"x":[0.01],"y":[0]},"t":0,"s":[100],"e":[0]},{"t":44.994994994995}],"ix":11},"r":{"a":1,"k":[{"i":{"x":[0.286],"y":[1]},"o":{"x":[0.635],"y":[0]},"t":0,"s":[373],"e":[0]},{"t":102.102102102102}],"ix":10},"p":{"a":1,"k":[{"i":{"x":0,"y":1},"o":{"x":0.01,"y":0},"t":0,"s":[400,400,0],"e":[511,308,0],"to":[77.833,91.333,0],"ti":[51.167,60.667,0]},{"t":44.994994994995}],"ix":2},"a":{"a":0,"k":[0,0,0],"ix":1},"s":{"a":0,"k":[100,100,100],"ix":6}},"ao":0,"shapes":[{"ty":"gr","it":[{"ind":0,"ty":"sh","ix":1,"ks":{"a":0,"k":{"i":[[0,0],[0,0],[0,0],[0,0]],"o":[[0,0],[0,0],[0,0],[0,0]],"v":[[0,-14.223],[-21.723,0.199],[0,14.223],[22.348,0]],"c":true},"ix":2},"nm":"Tracé 1","mn":"ADBE Vector Shape - Group","hd":false},{"ty":"fl","c":{"a":0,"k":[0.21568627451,0.666666666667,0.43137254902,1],"ix":4},"o":{"a":0,"k":100,"ix":5},"r":1,"bm":0,"nm":"Fond 1","mn":"ADBE Vector Graphic - Fill","hd":false},{"ty":"tr","p":{"a":0,"k":[0,0],"ix":2},"a":{"a":0,"k":[0,0],"ix":1},"s":{"a":0,"k":[80,80],"ix":3},"r":{"a":0,"k":0,"ix":6},"o":{"a":0,"k":100,"ix":7},"sk":{"a":0,"k":0,"ix":4},"sa":{"a":0,"k":0,"ix":5},"nm":"Transform"}],"nm":"Ellipse 1","np":3,"cix":2,"bm":0,"ix":1,"mn":"ADBE Vector Group","hd":false}],"ip":0,"op":120.12012012012,"st":0,"bm":0},{"ddd":0,"ind":5,"ty":4,"nm":"p15","sr":1,"ks":{"o":{"a":1,"k":[{"i":{"x":[1],"y":[1]},"o":{"x":[0.01],"y":[0]},"t":1.729,"s":[100],"e":[0]},{"t":46.7242242242242}],"ix":11},"r":{"a":1,"k":[{"i":{"x":[0.286],"y":[1]},"o":{"x":[0.635],"y":[0]},"t":0,"s":[-187],"e":[0]},{"t":102.102102102102}],"ix":10},"p":{"a":1,"k":[{"i":{"x":0,"y":1},"o":{"x":0.01,"y":0},"t":1.729,"s":[400,400,0],"e":[155,280,0],"to":[-30.167,-122.667,0],"ti":[95.167,-53.333,0]},{"t":46.7242242242242}],"ix":2},"a":{"a":0,"k":[0,0,0],"ix":1},"s":{"a":0,"k":[100,100,100],"ix":6}},"ao":0,"shapes":[{"ty":"gr","it":[{"ind":0,"ty":"sh","ix":1,"ks":{"a":0,"k":{"i":[[0,0],[0,0],[0,0],[0,0]],"o":[[0,0],[0,0],[0,0],[0,0]],"v":[[0,-14.223],[-21.723,0.199],[0,14.223],[22.348,0]],"c":true},"ix":2},"nm":"Tracé 1","mn":"ADBE Vector Shape - Group","hd":false},{"ty":"fl","c":{"a":0,"k":[1,0.901960790157,0,1],"ix":4},"o":{"a":0,"k":100,"ix":5},"r":1,"bm":0,"nm":"Fond 1","mn":"ADBE Vector Graphic - Fill","hd":false},{"ty":"tr","p":{"a":0,"k":[0,0],"ix":2},"a":{"a":0,"k":[0,0],"ix":1},"s":{"a":0,"k":[80,80],"ix":3},"r":{"a":0,"k":0,"ix":6},"o":{"a":0,"k":100,"ix":7},"sk":{"a":0,"k":0,"ix":4},"sa":{"a":0,"k":0,"ix":5},"nm":"Transform"}],"nm":"Ellipse 1","np":3,"cix":2,"bm":0,"ix":1,"mn":"ADBE Vector Group","hd":false}],"ip":2.002002002002,"op":120.12012012012,"st":2.002002002002,"bm":0},{"ddd":0,"ind":6,"ty":4,"nm":"p14","sr":1,"ks":{"o":{"a":1,"k":[{"i":{"x":[1],"y":[1]},"o":{"x":[0.01],"y":[0]},"t":3.461,"s":[100],"e":[0]},{"t":48.4534534534534}],"ix":11},"r":{"a":1,"k":[{"i":{"x":[0.286],"y":[1]},"o":{"x":[0.635],"y":[0]},"t":0,"s":[408],"e":[0]},{"t":102.102102102102}],"ix":10},"p":{"a":1,"k":[{"i":{"x":0,"y":1},"o":{"x":0.01,"y":0},"t":3.461,"s":[400,400,0],"e":[681,388.872,0],"to":[143.833,49.333,0],"ti":[-58.833,48.667,0]},{"t":48.4534534534534}],"ix":2},"a":{"a":0,"k":[0,0,0],"ix":1},"s":{"a":0,"k":[100,100,100],"ix":6}},"ao":0,"shapes":[{"ty":"gr","it":[{"ind":0,"ty":"sh","ix":1,"ks":{"a":0,"k":{"i":[[0,0],[0,0],[0,0],[0,0]],"o":[[0,0],[0,0],[0,0],[0,0]],"v":[[0,-14.223],[-21.723,0.199],[0,14.223],[22.348,0]],"c":true},"ix":2},"nm":"Tracé 1","mn":"ADBE Vector Shape - Group","hd":false},{"ty":"fl","c":{"a":0,"k":[0.611519548005,1,0.838144997989,1],"ix":4},"o":{"a":0,"k":100,"ix":5},"r":1,"bm":0,"nm":"Fond 1","mn":"ADBE Vector Graphic - Fill","hd":false},{"ty":"tr","p":{"a":0,"k":[0,0],"ix":2},"a":{"a":0,"k":[0,0],"ix":1},"s":{"a":0,"k":[80,80],"ix":3},"r":{"a":0,"k":0,"ix":6},"o":{"a":0,"k":100,"ix":7},"sk":{"a":0,"k":0,"ix":4},"sa":{"a":0,"k":0,"ix":5},"nm":"Transform"}],"nm":"Ellipse 1","np":3,"cix":2,"bm":0,"ix":1,"mn":"ADBE Vector Group","hd":false}],"ip":4.004004004004,"op":120.12012012012,"st":4.004004004004,"bm":0},{"ddd":0,"ind":7,"ty":4,"nm":"p13","sr":1,"ks":{"o":{"a":1,"k":[{"i":{"x":[1],"y":[1]},"o":{"x":[0.01],"y":[0]},"t":5.19,"s":[100],"e":[0]},{"t":50.1851851851852}],"ix":11},"r":{"a":1,"k":[{"i":{"x":[0.286],"y":[1]},"o":{"x":[0.635],"y":[0]},"t":0,"s":[-292],"e":[0]},{"t":102.102102102102}],"ix":10},"p":{"a":1,"k":[{"i":{"x":0,"y":1},"o":{"x":0.01,"y":0},"t":5.19,"s":[400,400,0],"e":[257,284,0],"to":[-24.167,-72.667,0],"ti":[75.167,-5.333,0]},{"t":50.1851851851852}],"ix":2},"a":{"a":0,"k":[0,0,0],"ix":1},"s":{"a":0,"k":[100,100,100],"ix":6}},"ao":0,"shapes":[{"ty":"gr","it":[{"ind":0,"ty":"sh","ix":1,"ks":{"a":0,"k":{"i":[[0,0],[0,0],[0,0],[0,0]],"o":[[0,0],[0,0],[0,0],[0,0]],"v":[[0,-14.223],[-21.723,0.199],[0,14.223],[22.348,0]],"c":true},"ix":2},"nm":"Tracé 1","mn":"ADBE Vector Shape - Group","hd":false},{"ty":"fl","c":{"a":0,"k":[0.074509806931,0.737254917622,0.172549024224,1],"ix":4},"o":{"a":0,"k":100,"ix":5},"r":1,"bm":0,"nm":"Fond 1","mn":"ADBE Vector Graphic - Fill","hd":false},{"ty":"tr","p":{"a":0,"k":[0,0],"ix":2},"a":{"a":0,"k":[0,0],"ix":1},"s":{"a":0,"k":[80,80],"ix":3},"r":{"a":0,"k":0,"ix":6},"o":{"a":0,"k":100,"ix":7},"sk":{"a":0,"k":0,"ix":4},"sa":{"a":0,"k":0,"ix":5},"nm":"Transform"}],"nm":"Ellipse 1","np":3,"cix":2,"bm":0,"ix":1,"mn":"ADBE Vector Group","hd":false}],"ip":6.00600600600601,"op":120.12012012012,"st":6.00600600600601,"bm":0},{"ddd":0,"ind":8,"ty":4,"nm":"p12","sr":1,"ks":{"o":{"a":1,"k":[{"i":{"x":[1],"y":[1]},"o":{"x":[0.01],"y":[0]},"t":6.919,"s":[100],"e":[0]},{"t":51.9169169169169}],"ix":11},"r":{"a":1,"k":[{"i":{"x":[0.286],"y":[1]},"o":{"x":[0.635],"y":[0]},"t":0,"s":[423],"e":[0]},{"t":102.102102102102}],"ix":10},"p":{"a":1,"k":[{"i":{"x":0,"y":1},"o":{"x":0.01,"y":0},"t":6.919,"s":[400,400,0],"e":[301,474,0],"to":[-14.167,31.333,0],"ti":[65.167,-13.333,0]},{"t":51.9169169169169}],"ix":2},"a":{"a":0,"k":[0,0,0],"ix":1},"s":{"a":0,"k":[100,100,100],"ix":6}},"ao":0,"shapes":[{"ty":"gr","it":[{"ind":0,"ty":"sh","ix":1,"ks":{"a":0,"k":{"i":[[0,0],[0,0],[0,0],[0,0]],"o":[[0,0],[0,0],[0,0],[0,0]],"v":[[0,-14.223],[-21.723,0.199],[0,14.223],[22.348,0]],"c":true},"ix":2},"nm":"Tracé 1","mn":"ADBE Vector Shape - Group","hd":false},{"ty":"fl","c":{"a":0,"k":[0.611519548005,1,0.838144997989,1],"ix":4},"o":{"a":0,"k":100,"ix":5},"r":1,"bm":0,"nm":"Fond 1","mn":"ADBE Vector Graphic - Fill","hd":false},{"ty":"tr","p":{"a":0,"k":[0,0],"ix":2},"a":{"a":0,"k":[0,0],"ix":1},"s":{"a":0,"k":[80,80],"ix":3},"r":{"a":0,"k":0,"ix":6},"o":{"a":0,"k":100,"ix":7},"sk":{"a":0,"k":0,"ix":4},"sa":{"a":0,"k":0,"ix":5},"nm":"Transform"}],"nm":"Ellipse 1","np":3,"cix":2,"bm":0,"ix":1,"mn":"ADBE Vector Group","hd":false}],"ip":8.00800800800801,"op":120.12012012012,"st":8.00800800800801,"bm":0},{"ddd":0,"ind":9,"ty":4,"nm":"p11","sr":1,"ks":{"o":{"a":1,"k":[{"i":{"x":[1],"y":[1]},"o":{"x":[0.01],"y":[0]},"t":0,"s":[100],"e":[0]},{"t":44.994994994995}],"ix":11},"r":{"a":1,"k":[{"i":{"x":[0.286],"y":[1]},"o":{"x":[0.635],"y":[0]},"t":0,"s":[-219],"e":[0]},{"t":102.102102102102}],"ix":10},"p":{"a":1,"k":[{"i":{"x":0,"y":1},"o":{"x":0.01,"y":0},"t":0,"s":[400,400,0],"e":[499,570,0],"to":[-8.167,63.333,0],"ti":[-62.833,-29.333,0]},{"t":44.994994994995}],"ix":2},"a":{"a":0,"k":[0,0,0],"ix":1},"s":{"a":0,"k":[100,100,100],"ix":6}},"ao":0,"shapes":[{"ty":"gr","it":[{"ind":0,"ty":"sh","ix":1,"ks":{"a":0,"k":{"i":[[0,0],[0,0],[0,0],[0,0]],"o":[[0,0],[0,0],[0,0],[0,0]],"v":[[0,-14.223],[-21.723,0.199],[0,14.223],[22.348,0]],"c":true},"ix":2},"nm":"Tracé 1","mn":"ADBE Vector Shape - Group","hd":false},{"ty":"fl","c":{"a":0,"k":[0.21568627451,0.666666666667,0.43137254902,1],"ix":4},"o":{"a":0,"k":100,"ix":5},"r":1,"bm":0,"nm":"Fond 1","mn":"ADBE Vector Graphic - Fill","hd":false},{"ty":"tr","p":{"a":0,"k":[0,0],"ix":2},"a":{"a":0,"k":[0,0],"ix":1},"s":{"a":0,"k":[80,80],"ix":3},"r":{"a":0,"k":0,"ix":6},"o":{"a":0,"k":100,"ix":7},"sk":{"a":0,"k":0,"ix":4},"sa":{"a":0,"k":0,"ix":5},"nm":"Transform"}],"nm":"Ellipse 1","np":3,"cix":2,"bm":0,"ix":1,"mn":"ADBE Vector Group","hd":false}],"ip":0,"op":120.12012012012,"st":0,"bm":0},{"ddd":0,"ind":10,"ty":4,"nm":"p10","sr":1,"ks":{"o":{"a":1,"k":[{"i":{"x":[1],"y":[1]},"o":{"x":[0.01],"y":[0]},"t":1.729,"s":[100],"e":[0]},{"t":46.7242242242242}],"ix":11},"r":{"a":1,"k":[{"i":{"x":[0.286],"y":[1]},"o":{"x":[0.635],"y":[0]},"t":0,"s":[123],"e":[0]},{"t":102.102102102102}],"ix":10},"p":{"a":1,"k":[{"i":{"x":0,"y":1},"o":{"x":0.01,"y":0},"t":1.729,"s":[400,400,0],"e":[557,68,0],"to":[81.833,-104.667,0],"ti":[-58.833,104.667,0]},{"t":46.7242242242242}],"ix":2},"a":{"a":0,"k":[0,0,0],"ix":1},"s":{"a":0,"k":[100,100,100],"ix":6}},"ao":0,"shapes":[{"ty":"gr","it":[{"ind":0,"ty":"sh","ix":1,"ks":{"a":0,"k":{"i":[[0,0],[0,0],[0,0],[0,0]],"o":[[0,0],[0,0],[0,0],[0,0]],"v":[[0,-14.223],[-21.723,0.199],[0,14.223],[22.348,0]],"c":true},"ix":2},"nm":"Tracé 1","mn":"ADBE Vector Shape - Group","hd":false},{"ty":"fl","c":{"a":0,"k":[1,0.901960790157,0,1],"ix":4},"o":{"a":0,"k":100,"ix":5},"r":1,"bm":0,"nm":"Fond 1","mn":"ADBE Vector Graphic - Fill","hd":false},{"ty":"tr","p":{"a":0,"k":[0,0],"ix":2},"a":{"a":0,"k":[0,0],"ix":1},"s":{"a":0,"k":[80,80],"ix":3},"r":{"a":0,"k":0,"ix":6},"o":{"a":0,"k":100,"ix":7},"sk":{"a":0,"k":0,"ix":4},"sa":{"a":0,"k":0,"ix":5},"nm":"Transform"}],"nm":"Ellipse 1","np":3,"cix":2,"bm":0,"ix":1,"mn":"ADBE Vector Group","hd":false}],"ip":2.002002002002,"op":120.12012012012,"st":2.002002002002,"bm":0},{"ddd":0,"ind":11,"ty":4,"nm":"p9","sr":1,"ks":{"o":{"a":1,"k":[{"i":{"x":[1],"y":[1]},"o":{"x":[0.01],"y":[0]},"t":3.461,"s":[100],"e":[0]},{"t":48.4534534534534}],"ix":11},"r":{"a":1,"k":[{"i":{"x":[0.286],"y":[1]},"o":{"x":[0.635],"y":[0]},"t":0,"s":[-247],"e":[0]},{"t":102.102102102102}],"ix":10},"p":{"a":1,"k":[{"i":{"x":0,"y":1},"o":{"x":0.01,"y":0},"t":3.461,"s":[400,400,0],"e":[715,138,0],"to":[151.833,-46.667,0],"ti":[-26.833,72.667,0]},{"t":48.4534534534534}],"ix":2},"a":{"a":0,"k":[0,0,0],"ix":1},"s":{"a":0,"k":[100,100,100],"ix":6}},"ao":0,"shapes":[{"ty":"gr","it":[{"ind":0,"ty":"sh","ix":1,"ks":{"a":0,"k":{"i":[[0,0],[0,0],[0,0],[0,0]],"o":[[0,0],[0,0],[0,0],[0,0]],"v":[[0,-14.223],[-21.723,0.199],[0,14.223],[22.348,0]],"c":true},"ix":2},"nm":"Tracé 1","mn":"ADBE Vector Shape - Group","hd":false},{"ty":"fl","c":{"a":0,"k":[0.611519548005,1,0.838144997989,1],"ix":4},"o":{"a":0,"k":100,"ix":5},"r":1,"bm":0,"nm":"Fond 1","mn":"ADBE Vector Graphic - Fill","hd":false},{"ty":"tr","p":{"a":0,"k":[0,0],"ix":2},"a":{"a":0,"k":[0,0],"ix":1},"s":{"a":0,"k":[80,80],"ix":3},"r":{"a":0,"k":0,"ix":6},"o":{"a":0,"k":100,"ix":7},"sk":{"a":0,"k":0,"ix":4},"sa":{"a":0,"k":0,"ix":5},"nm":"Transform"}],"nm":"Ellipse 1","np":3,"cix":2,"bm":0,"ix":1,"mn":"ADBE Vector Group","hd":false}],"ip":4.004004004004,"op":120.12012012012,"st":4.004004004004,"bm":0},{"ddd":0,"ind":12,"ty":4,"nm":"p8","sr":1,"ks":{"o":{"a":1,"k":[{"i":{"x":[1],"y":[1]},"o":{"x":[0.01],"y":[0]},"t":5.19,"s":[100],"e":[0]},{"t":50.1851851851852}],"ix":11},"r":{"a":1,"k":[{"i":{"x":[0.286],"y":[1]},"o":{"x":[0.635],"y":[0]},"t":0,"s":[-155],"e":[0]},{"t":102.102102102102}],"ix":10},"p":{"a":1,"k":[{"i":{"x":0,"y":1},"o":{"x":0.01,"y":0},"t":5.19,"s":[400,400,0],"e":[679,664,0],"to":[107.833,89.333,0],"ti":[-92.833,-103.333,0]},{"t":50.1851851851852}],"ix":2},"a":{"a":0,"k":[0,0,0],"ix":1},"s":{"a":0,"k":[100,100,100],"ix":6}},"ao":0,"shapes":[{"ty":"gr","it":[{"ind":0,"ty":"sh","ix":1,"ks":{"a":0,"k":{"i":[[0,0],[0,0],[0,0],[0,0]],"o":[[0,0],[0,0],[0,0],[0,0]],"v":[[0,-14.223],[-21.723,0.199],[0,14.223],[22.348,0]],"c":true},"ix":2},"nm":"Tracé 1","mn":"ADBE Vector Shape - Group","hd":false},{"ty":"fl","c":{"a":0,"k":[0.074509806931,0.737254917622,0.172549024224,1],"ix":4},"o":{"a":0,"k":100,"ix":5},"r":1,"bm":0,"nm":"Fond 1","mn":"ADBE Vector Graphic - Fill","hd":false},{"ty":"tr","p":{"a":0,"k":[0,0],"ix":2},"a":{"a":0,"k":[0,0],"ix":1},"s":{"a":0,"k":[80,80],"ix":3},"r":{"a":0,"k":0,"ix":6},"o":{"a":0,"k":100,"ix":7},"sk":{"a":0,"k":0,"ix":4},"sa":{"a":0,"k":0,"ix":5},"nm":"Transform"}],"nm":"Ellipse 1","np":3,"cix":2,"bm":0,"ix":1,"mn":"ADBE Vector Group","hd":false}],"ip":6.00600600600601,"op":120.12012012012,"st":6.00600600600601,"bm":0},{"ddd":0,"ind":13,"ty":4,"nm":"p7","sr":1,"ks":{"o":{"a":1,"k":[{"i":{"x":[1],"y":[1]},"o":{"x":[0.01],"y":[0]},"t":6.919,"s":[100],"e":[0]},{"t":51.9169169169169}],"ix":11},"r":{"a":1,"k":[{"i":{"x":[0.286],"y":[1]},"o":{"x":[0.635],"y":[0]},"t":0,"s":[158],"e":[0]},{"t":102.102102102102}],"ix":10},"p":{"a":1,"k":[{"i":{"x":0,"y":1},"o":{"x":0.01,"y":0},"t":6.919,"s":[400,400,0],"e":[97,686,0],"to":[-36.167,53.333,0],"ti":[75.167,-39.333,0]},{"t":51.9169169169169}],"ix":2},"a":{"a":0,"k":[0,0,0],"ix":1},"s":{"a":0,"k":[100,100,100],"ix":6}},"ao":0,"shapes":[{"ty":"gr","it":[{"ind":0,"ty":"sh","ix":1,"ks":{"a":0,"k":{"i":[[0,0],[0,0],[0,0],[0,0]],"o":[[0,0],[0,0],[0,0],[0,0]],"v":[[0,-14.223],[-21.723,0.199],[0,14.223],[22.348,0]],"c":true},"ix":2},"nm":"Tracé 1","mn":"ADBE Vector Shape - Group","hd":false},{"ty":"fl","c":{"a":0,"k":[0.611519548005,1,0.838144997989,1],"ix":4},"o":{"a":0,"k":100,"ix":5},"r":1,"bm":0,"nm":"Fond 1","mn":"ADBE Vector Graphic - Fill","hd":false},{"ty":"tr","p":{"a":0,"k":[0,0],"ix":2},"a":{"a":0,"k":[0,0],"ix":1},"s":{"a":0,"k":[80,80],"ix":3},"r":{"a":0,"k":0,"ix":6},"o":{"a":0,"k":100,"ix":7},"sk":{"a":0,"k":0,"ix":4},"sa":{"a":0,"k":0,"ix":5},"nm":"Transform"}],"nm":"Ellipse 1","np":3,"cix":2,"bm":0,"ix":1,"mn":"ADBE Vector Group","hd":false}],"ip":8.00800800800801,"op":120.12012012012,"st":8.00800800800801,"bm":0},{"ddd":0,"ind":14,"ty":4,"nm":"p6","sr":1,"ks":{"o":{"a":1,"k":[{"i":{"x":[1],"y":[1]},"o":{"x":[0.01],"y":[0]},"t":8.654,"s":[100],"e":[0]},{"t":53.6486486486486}],"ix":11},"r":{"a":1,"k":[{"i":{"x":[0.286],"y":[1]},"o":{"x":[0.635],"y":[0]},"t":0,"s":[193],"e":[0]},{"t":102.102102102102}],"ix":10},"p":{"a":1,"k":[{"i":{"x":0,"y":1},"o":{"x":0.01,"y":0},"t":8.654,"s":[400,400,0],"e":[65,340,0],"to":[-148.167,-132.667,0],"ti":[61.167,-65.333,0]},{"t":53.6486486486486}],"ix":2},"a":{"a":0,"k":[0,0,0],"ix":1},"s":{"a":0,"k":[100,100,100],"ix":6}},"ao":0,"shapes":[{"ty":"gr","it":[{"ind":0,"ty":"sh","ix":1,"ks":{"a":0,"k":{"i":[[0,0],[0,0],[0,0],[0,0]],"o":[[0,0],[0,0],[0,0],[0,0]],"v":[[0,-14.223],[-21.723,0.199],[0,14.223],[22.348,0]],"c":true},"ix":2},"nm":"Tracé 1","mn":"ADBE Vector Shape - Group","hd":false},{"ty":"fl","c":{"a":0,"k":[0.21568627451,0.666666666667,0.43137254902,1],"ix":4},"o":{"a":0,"k":100,"ix":5},"r":1,"bm":0,"nm":"Fond 1","mn":"ADBE Vector Graphic - Fill","hd":false},{"ty":"tr","p":{"a":0,"k":[0,0],"ix":2},"a":{"a":0,"k":[0,0],"ix":1},"s":{"a":0,"k":[80,80],"ix":3},"r":{"a":0,"k":0,"ix":6},"o":{"a":0,"k":100,"ix":7},"sk":{"a":0,"k":0,"ix":4},"sa":{"a":0,"k":0,"ix":5},"nm":"Transform"}],"nm":"Ellipse 1","np":3,"cix":2,"bm":0,"ix":1,"mn":"ADBE Vector Group","hd":false}],"ip":10.01001001001,"op":120.12012012012,"st":10.01001001001,"bm":0},{"ddd":0,"ind":15,"ty":4,"nm":"p5","sr":1,"ks":{"o":{"a":1,"k":[{"i":{"x":[1],"y":[1]},"o":{"x":[0.01],"y":[0]},"t":10.383,"s":[100],"e":[0]},{"t":55.3778778778779}],"ix":11},"r":{"a":1,"k":[{"i":{"x":[0.286],"y":[1]},"o":{"x":[0.635],"y":[0]},"t":0,"s":[-241],"e":[0]},{"t":102.102102102102}],"ix":10},"p":{"a":1,"k":[{"i":{"x":0.004,"y":0.794},"o":{"x":0.014,"y":0},"t":10.383,"s":[400,400,0],"e":[400,23.613,0],"to":[-55.38,-168.204,0],"ti":[27.03,124.27,0]},{"t":55.3778778778779}],"ix":2},"a":{"a":0,"k":[0,0,0],"ix":1},"s":{"a":0,"k":[100,100,100],"ix":6}},"ao":0,"shapes":[{"ty":"gr","it":[{"ind":0,"ty":"sh","ix":1,"ks":{"a":0,"k":{"i":[[0,0],[0,0],[0,0],[0,0]],"o":[[0,0],[0,0],[0,0],[0,0]],"v":[[0,-14.223],[-21.723,0.199],[0,14.223],[22.348,0]],"c":true},"ix":2},"nm":"Tracé 1","mn":"ADBE Vector Shape - Group","hd":false},{"ty":"fl","c":{"a":0,"k":[1,0.901960790157,0,1],"ix":4},"o":{"a":0,"k":100,"ix":5},"r":1,"bm":0,"nm":"Fond 1","mn":"ADBE Vector Graphic - Fill","hd":false},{"ty":"tr","p":{"a":0,"k":[0,0],"ix":2},"a":{"a":0,"k":[0,0],"ix":1},"s":{"a":0,"k":[80,80],"ix":3},"r":{"a":0,"k":0,"ix":6},"o":{"a":0,"k":100,"ix":7},"sk":{"a":0,"k":0,"ix":4},"sa":{"a":0,"k":0,"ix":5},"nm":"Transform"}],"nm":"Ellipse 1","np":3,"cix":2,"bm":0,"ix":1,"mn":"ADBE Vector Group","hd":false}],"ip":12.012012012012,"op":120.12012012012,"st":12.012012012012,"bm":0},{"ddd":0,"ind":16,"ty":4,"nm":"p4","sr":1,"ks":{"o":{"a":1,"k":[{"i":{"x":[1],"y":[1]},"o":{"x":[0.01],"y":[0]},"t":12.115,"s":[100],"e":[0]},{"t":57.1071071071071}],"ix":11},"r":{"a":1,"k":[{"i":{"x":[0.286],"y":[1]},"o":{"x":[0.635],"y":[0]},"t":0,"s":[256],"e":[0]},{"t":102.102102102102}],"ix":10},"p":{"a":1,"k":[{"i":{"x":0,"y":1},"o":{"x":0.01,"y":0},"t":12.115,"s":[400,400,0],"e":[303,660,0],"to":[109.833,69.333,0],"ti":[97.167,0.667,0]},{"t":57.1071071071071}],"ix":2},"a":{"a":0,"k":[0,0,0],"ix":1},"s":{"a":0,"k":[100,100,100],"ix":6}},"ao":0,"shapes":[{"ty":"gr","it":[{"ind":0,"ty":"sh","ix":1,"ks":{"a":0,"k":{"i":[[0,0],[0,0],[0,0],[0,0]],"o":[[0,0],[0,0],[0,0],[0,0]],"v":[[0,-14.223],[-21.723,0.199],[0,14.223],[22.348,0]],"c":true},"ix":2},"nm":"Tracé 1","mn":"ADBE Vector Shape - Group","hd":false},{"ty":"fl","c":{"a":0,"k":[0.611519548005,1,0.838144997989,1],"ix":4},"o":{"a":0,"k":100,"ix":5},"r":1,"bm":0,"nm":"Fond 1","mn":"ADBE Vector Graphic - Fill","hd":false},{"ty":"tr","p":{"a":0,"k":[0,0],"ix":2},"a":{"a":0,"k":[0,0],"ix":1},"s":{"a":0,"k":[80,80],"ix":3},"r":{"a":0,"k":0,"ix":6},"o":{"a":0,"k":100,"ix":7},"sk":{"a":0,"k":0,"ix":4},"sa":{"a":0,"k":0,"ix":5},"nm":"Transform"}],"nm":"Ellipse 1","np":3,"cix":2,"bm":0,"ix":1,"mn":"ADBE Vector Group","hd":false}],"ip":14.014014014014,"op":120.12012012012,"st":14.014014014014,"bm":0},{"ddd":0,"ind":17,"ty":4,"nm":"p3","sr":1,"ks":{"o":{"a":1,"k":[{"i":{"x":[1],"y":[1]},"o":{"x":[0.01],"y":[0]},"t":13.844,"s":[100],"e":[0]},{"t":58.8388388388388}],"ix":11},"r":{"a":1,"k":[{"i":{"x":[0.286],"y":[1]},"o":{"x":[0.635],"y":[0]},"t":0,"s":[-230],"e":[0]},{"t":102.102102102102}],"ix":10},"p":{"a":1,"k":[{"i":{"x":0,"y":1},"o":{"x":0.01,"y":0},"t":13.844,"s":[400,400,0],"e":[663,498,0],"to":[41.833,109.333,0],"ti":[-71.833,39.667,0]},{"t":58.8388388388388}],"ix":2},"a":{"a":0,"k":[0,0,0],"ix":1},"s":{"a":0,"k":[100,100,100],"ix":6}},"ao":0,"shapes":[{"ty":"gr","it":[{"ind":0,"ty":"sh","ix":1,"ks":{"a":0,"k":{"i":[[0,0],[0,0],[0,0],[0,0]],"o":[[0,0],[0,0],[0,0],[0,0]],"v":[[0,-14.223],[-21.723,0.199],[0,14.223],[22.348,0]],"c":true},"ix":2},"nm":"Tracé 1","mn":"ADBE Vector Shape - Group","hd":false},{"ty":"fl","c":{"a":0,"k":[0.076272718608,0.735462605953,0.171031266451,1],"ix":4},"o":{"a":0,"k":100,"ix":5},"r":1,"bm":0,"nm":"Fond 1","mn":"ADBE Vector Graphic - Fill","hd":false},{"ty":"tr","p":{"a":0,"k":[0,0],"ix":2},"a":{"a":0,"k":[0,0],"ix":1},"s":{"a":0,"k":[80,80],"ix":3},"r":{"a":0,"k":0,"ix":6},"o":{"a":0,"k":100,"ix":7},"sk":{"a":0,"k":0,"ix":4},"sa":{"a":0,"k":0,"ix":5},"nm":"Transform"}],"nm":"Ellipse 1","np":3,"cix":2,"bm":0,"ix":1,"mn":"ADBE Vector Group","hd":false}],"ip":16.016016016016,"op":120.12012012012,"st":16.016016016016,"bm":0},{"ddd":0,"ind":18,"ty":4,"nm":"p2","sr":1,"ks":{"o":{"a":1,"k":[{"i":{"x":[1],"y":[1]},"o":{"x":[0.01],"y":[0]},"t":15.573,"s":[100],"e":[0]},{"t":60.5680680680681}],"ix":11},"r":{"a":1,"k":[{"i":{"x":[0.286],"y":[1]},"o":{"x":[0.635],"y":[0]},"t":0,"s":[57],"e":[0]},{"t":102.102102102102}],"ix":10},"p":{"a":1,"k":[{"i":{"x":0,"y":1},"o":{"x":0.01,"y":0},"t":15.573,"s":[400,400,0],"e":[187,88,0],"to":[-0.167,-158.667,0],"ti":[89.167,6.667,0]},{"t":60.5680680680681}],"ix":2},"a":{"a":0,"k":[0,0,0],"ix":1},"s":{"a":0,"k":[100,100,100],"ix":6}},"ao":0,"shapes":[{"ty":"gr","it":[{"ind":0,"ty":"sh","ix":1,"ks":{"a":0,"k":{"i":[[0,0],[0,0],[0,0],[0,0]],"o":[[0,0],[0,0],[0,0],[0,0]],"v":[[0,-14.223],[-21.723,0.199],[0,14.223],[22.348,0]],"c":true},"ix":2},"nm":"Tracé 1","mn":"ADBE Vector Shape - Group","hd":false},{"ty":"fl","c":{"a":0,"k":[0.21568627451,0.666666666667,0.43137254902,1],"ix":4},"o":{"a":0,"k":100,"ix":5},"r":1,"bm":0,"nm":"Fond 1","mn":"ADBE Vector Graphic - Fill","hd":false},{"ty":"tr","p":{"a":0,"k":[0,0],"ix":2},"a":{"a":0,"k":[0,0],"ix":1},"s":{"a":0,"k":[80,80],"ix":3},"r":{"a":0,"k":0,"ix":6},"o":{"a":0,"k":100,"ix":7},"sk":{"a":0,"k":0,"ix":4},"sa":{"a":0,"k":0,"ix":5},"nm":"Transform"}],"nm":"Ellipse 1","np":3,"cix":2,"bm":0,"ix":1,"mn":"ADBE Vector Group","hd":false}],"ip":18.018018018018,"op":120.12012012012,"st":18.018018018018,"bm":0},{"ddd":0,"ind":19,"ty":4,"nm":"p1","sr":1,"ks":{"o":{"a":1,"k":[{"i":{"x":[1],"y":[1]},"o":{"x":[0.01],"y":[0]},"t":0,"s":[100],"e":[0]},{"t":44.994994994995}],"ix":11},"r":{"a":1,"k":[{"i":{"x":[0.286],"y":[1]},"o":{"x":[0.635],"y":[0]},"t":0,"s":[-199],"e":[0]},{"t":102.102102102102}],"ix":10},"p":{"a":1,"k":[{"i":{"x":0,"y":1},"o":{"x":0.01,"y":0},"t":0,"s":[400,400,0],"e":[621,234,0],"to":[-0.167,-158.667,0],"ti":[-92.833,-103.333,0]},{"t":44.994994994995}],"ix":2},"a":{"a":0,"k":[0,0,0],"ix":1},"s":{"a":0,"k":[100,100,100],"ix":6}},"ao":0,"shapes":[{"ty":"gr","it":[{"ind":0,"ty":"sh","ix":1,"ks":{"a":0,"k":{"i":[[0,0],[0,0],[0,0],[0,0]],"o":[[0,0],[0,0],[0,0],[0,0]],"v":[[0,-14.223],[-21.723,0.199],[0,14.223],[22.348,0]],"c":true},"ix":2},"nm":"Tracé 1","mn":"ADBE Vector Shape - Group","hd":false},{"ty":"fl","c":{"a":0,"k":[1,0.903676450253,0,1],"ix":4},"o":{"a":0,"k":100,"ix":5},"r":1,"bm":0,"nm":"Fond 1","mn":"ADBE Vector Graphic - Fill","hd":false},{"ty":"tr","p":{"a":0,"k":[0,0],"ix":2},"a":{"a":0,"k":[0,0],"ix":1},"s":{"a":0,"k":[80,80],"ix":3},"r":{"a":0,"k":0,"ix":6},"o":{"a":0,"k":100,"ix":7},"sk":{"a":0,"k":0,"ix":4},"sa":{"a":0,"k":0,"ix":5},"nm":"Transform"}],"nm":"Ellipse 1","np":3,"cix":2,"bm":0,"ix":1,"mn":"ADBE Vector Group","hd":false}],"ip":0,"op":120.12012012012,"st":0,"bm":0}]}],"layers":[{"ddd":0,"ind":3,"ty":0,"nm":"Correct Static","refId":"comp_0","sr":1,"ks":{"o":{"a":0,"k":100,"ix":11},"r":{"a":1,"k":[{"i":{"x":[0],"y":[1]},"o":{"x":[0.333],"y":[0]},"t":0,"s":[-360],"e":[13]},{"i":{"x":[0.3],"y":[1]},"o":{"x":[0.167],"y":[0]},"t":32,"s":[13],"e":[0]},{"t":60}],"ix":10},"p":{"a":0,"k":[362,360,0],"ix":2},"a":{"a":0,"k":[256,256,0],"ix":1},"s":{"a":1,"k":[{"i":{"x":[0,0,0.833],"y":[1,1,1]},"o":{"x":[0.167,0.167,0.167],"y":[0,0,0]},"t":0,"s":[0,0,100],"e":[90,90,100]},{"i":{"x":[0.282,0.282,0.282],"y":[1,1,1]},"o":{"x":[0.167,0.167,0.167],"y":[0,0,0]},"t":32,"s":[90,90,100],"e":[75,75,100]},{"t":60}],"ix":6}},"ao":0,"w":512,"h":512,"ip":0,"op":161,"st":0,"bm":0},{"ddd":0,"ind":5,"ty":0,"nm":"confetti by mauriac@gmail.com","cl":"com","refId":"comp_2","sr":1,"ks":{"o":{"a":0,"k":100,"ix":11},"r":{"a":0,"k":44,"ix":10},"p":{"a":0,"k":[352,360,0],"ix":2},"a":{"a":0,"k":[400,400,0],"ix":1},"s":{"a":0,"k":[96,96,100],"ix":6}},"ao":0,"w":800,"h":800,"ip":31,"op":171.14014014014,"st":31,"bm":0}],"markers":[]}