{"v":"5.7.3","fr":30,"ip":0,"op":91,"w":343,"h":80,"nm":"Button 4","ddd":0,"assets":[],"fonts":{"list":[{"fName":"Orkney-Bold","fFamily":"Orkney","fStyle":"Bold","ascent":75}]},"layers":[{"ddd":0,"ind":1,"ty":5,"nm":"Continue 2","parent":7,"sr":1,"ks":{"o":{"a":0,"k":100,"ix":11},"r":{"a":0,"k":0,"ix":10},"p":{"a":0,"k":[10.375,770.021,0],"ix":2},"a":{"a":0,"k":[0,0,0],"ix":1},"s":{"a":0,"k":[337.534,337.534,100],"ix":6}},"ao":0,"t":{"d":{"k":[{"s":{"s":17,"f":"Orkney-Bold","t":"Continue","j":2,"tr":0,"lh":20.4,"ls":0,"fc":[1,1,1]},"t":0}]},"p":{},"m":{"g":1,"a":{"a":0,"k":[0,0],"ix":2}},"a":[]},"ip":0,"op":865,"st":0,"bm":0},{"ddd":0,"ind":4,"ty":3,"nm":"Null 1","sr":1,"ks":{"o":{"a":0,"k":0,"ix":11},"r":{"a":0,"k":0,"ix":10},"p":{"a":0,"k":[171.5,42,0],"ix":2},"a":{"a":0,"k":[0,0,0],"ix":1},"s":{"a":0,"k":[29,29,100],"ix":6}},"ao":0,"ip":0,"op":865,"st":0,"bm":0},{"ddd":0,"ind":5,"ty":4,"nm":"Shape Layer 3","parent":7,"td":1,"sr":1,"ks":{"o":{"a":0,"k":100,"ix":11},"r":{"a":0,"k":0,"ix":10},"p":{"a":0,"k":[7,751,0],"ix":2},"a":{"a":0,"k":[7,751,0],"ix":1},"s":{"a":0,"k":[100,100,100],"ix":6}},"ao":0,"shapes":[{"ty":"gr","it":[{"ty":"rc","d":1,"s":{"a":0,"k":[1116,215],"ix":2},"p":{"a":0,"k":[0,0],"ix":3},"r":{"a":0,"k":124,"ix":4},"nm":"Rectangle Path 1","mn":"ADBE Vector Shape - Rect","hd":false},{"ty":"fl","c":{"a":0,"k":[0.164705882353,0.352941176471,1,1],"ix":4},"o":{"a":0,"k":100,"ix":5},"r":1,"bm":0,"nm":"Fill 1","mn":"ADBE Vector Graphic - Fill","hd":false},{"ty":"tr","p":{"a":0,"k":[7,751],"ix":2},"a":{"a":0,"k":[0,0],"ix":1},"s":{"a":0,"k":[100,100],"ix":3},"r":{"a":0,"k":0,"ix":6},"o":{"a":0,"k":100,"ix":7},"sk":{"a":0,"k":0,"ix":4},"sa":{"a":0,"k":0,"ix":5},"nm":"Transform"}],"nm":"Rectangle 1","np":3,"cix":2,"bm":0,"ix":1,"mn":"ADBE Vector Group","hd":false}],"ip":0,"op":865,"st":0,"bm":0},{"ddd":0,"ind":6,"ty":4,"nm":"Shape Layer 4","parent":4,"tt":1,"sr":1,"ks":{"o":{"a":0,"k":100,"ix":11},"r":{"a":0,"k":0,"ix":10},"p":{"a":1,"k":[{"i":{"x":0.18,"y":1},"o":{"x":0.4,"y":0},"t":23,"s":[-743.583,13.5,0],"to":[222,0,0],"ti":[-222,0,0]},{"t":87,"s":[636.75,13.5,0]}],"ix":2},"a":{"a":0,"k":[-160.25,806.5,0],"ix":1},"s":{"a":0,"k":[64,64,100],"ix":6}},"ao":0,"shapes":[{"ty":"gr","it":[{"ty":"gr","it":[{"ind":0,"ty":"sh","ix":1,"ks":{"a":0,"k":{"i":[[0,0],[0,0],[0,0],[0,0]],"o":[[0,0],[0,0],[0,0],[0,0]],"v":[[-170.094,606.281],[-503.094,941.281],[-329.844,941.125],[2.031,607.125]],"c":true},"ix":2},"nm":"Path 2","mn":"ADBE Vector Shape - Group","hd":false},{"ty":"fl","c":{"a":0,"k":[1,1,1,1],"ix":4},"o":{"a":0,"k":75,"ix":5},"r":1,"bm":0,"nm":"Fill 1","mn":"ADBE Vector Graphic - Fill","hd":false},{"ty":"tr","p":{"a":1,"k":[{"i":{"x":0,"y":1},"o":{"x":0.167,"y":0},"t":36,"s":[36,0],"to":[-13,0],"ti":[13,0]},{"t":60,"s":[136,0]}],"ix":2},"a":{"a":0,"k":[-134,0],"ix":1},"s":{"a":0,"k":[100,100],"ix":3},"r":{"a":0,"k":0,"ix":6},"o":{"a":1,"k":[{"i":{"x":[0.667],"y":[1]},"o":{"x":[0.333],"y":[0]},"t":52,"s":[100]},{"t":59,"s":[30]}],"ix":7},"sk":{"a":0,"k":0,"ix":4},"sa":{"a":0,"k":0,"ix":5},"nm":"Transform"}],"nm":"Shape 2","np":2,"cix":2,"bm":0,"ix":1,"mn":"ADBE Vector Group","hd":false},{"ty":"gr","it":[{"ind":0,"ty":"sh","ix":1,"ks":{"a":0,"k":{"i":[[0,0],[0,0],[0,0],[0,0]],"o":[[0,0],[0,0],[0,0],[0,0]],"v":[[172.469,606.281],[-154.531,941.281],[-197.406,941],[128.594,607]],"c":true},"ix":2},"nm":"Path 1","mn":"ADBE Vector Shape - Group","hd":false},{"ty":"fl","c":{"a":0,"k":[1,1,1,1],"ix":4},"o":{"a":0,"k":43,"ix":5},"r":1,"bm":0,"nm":"Fill 1","mn":"ADBE Vector Graphic - Fill","hd":false},{"ty":"tr","p":{"a":1,"k":[{"i":{"x":0,"y":1},"o":{"x":0.167,"y":0},"t":36,"s":[0,0],"to":[1.5,0],"ti":[-1.5,0]},{"t":62,"s":[-9,0]}],"ix":2},"a":{"a":0,"k":[192,0],"ix":1},"s":{"a":0,"k":[100,100],"ix":3},"r":{"a":0,"k":0,"ix":6},"o":{"a":1,"k":[{"i":{"x":[0.667],"y":[1]},"o":{"x":[0.333],"y":[0]},"t":50,"s":[100]},{"t":58,"s":[30]}],"ix":7},"sk":{"a":0,"k":0,"ix":4},"sa":{"a":0,"k":0,"ix":5},"nm":"Transform"}],"nm":"Shape 1","np":2,"cix":2,"bm":0,"ix":3,"mn":"ADBE Vector Group","hd":false},{"ty":"tr","p":{"a":0,"k":[0,0],"ix":2},"a":{"a":0,"k":[0,0],"ix":1},"s":{"a":0,"k":[100,100],"ix":3},"r":{"a":0,"k":0,"ix":6},"o":{"a":0,"k":100,"ix":7},"sk":{"a":0,"k":0,"ix":4},"sa":{"a":0,"k":0,"ix":5},"nm":"Transform"}],"nm":"Group 1","np":3,"cix":2,"bm":0,"ix":1,"mn":"ADBE Vector Group","hd":false}],"ip":0,"op":865,"st":0,"bm":0},{"ddd":0,"ind":7,"ty":4,"nm":"Shape Layer 2","parent":4,"sr":1,"ks":{"o":{"a":0,"k":100,"ix":11},"r":{"a":0,"k":0,"ix":10},"p":{"a":0,"k":[0,-9,0],"ix":2},"a":{"a":0,"k":[7,751,0],"ix":1},"s":{"a":1,"k":[{"i":{"x":[0.667,0.667,0.667],"y":[1,1,1]},"o":{"x":[0.333,0.333,0.333],"y":[0,0,0]},"t":0,"s":[96.443,96.443,100]},{"i":{"x":[0.667,0.667,0.667],"y":[1,1,1]},"o":{"x":[0.333,0.333,0.333],"y":[0,0,0]},"t":23,"s":[102.161,102.161,100]},{"i":{"x":[0.667,0.667,0.667],"y":[1,1,1]},"o":{"x":[0.333,0.333,0.333],"y":[0,0,0]},"t":45,"s":[96.443,96.443,100]},{"i":{"x":[0.667,0.667,0.667],"y":[1,1,1]},"o":{"x":[0.333,0.333,0.333],"y":[0,0,0]},"t":68,"s":[102.161,102.161,100]},{"t":91,"s":[96.443,96.443,100]}],"ix":6}},"ao":0,"shapes":[{"ty":"gr","it":[{"ty":"rc","d":1,"s":{"a":0,"k":[1116,215],"ix":2},"p":{"a":0,"k":[0,0],"ix":3},"r":{"a":0,"k":124,"ix":4},"nm":"Rectangle Path 1","mn":"ADBE Vector Shape - Rect","hd":false},{"ty":"gf","o":{"a":0,"k":100,"ix":10},"r":1,"bm":0,"g":{"p":3,"k":{"a":0,"k":[0,0.133,0.765,1,0.5,0.149,0.551,1,1,0.165,0.337,1],"ix":9}},"s":{"a":0,"k":[-495.217,0.773],"ix":5},"e":{"a":0,"k":[511.852,-0.8],"ix":6},"t":1,"nm":"Gradient Fill 1","mn":"ADBE Vector Graphic - G-Fill","hd":false},{"ty":"tr","p":{"a":0,"k":[7,751],"ix":2},"a":{"a":0,"k":[0,0],"ix":1},"s":{"a":0,"k":[100,100],"ix":3},"r":{"a":0,"k":0,"ix":6},"o":{"a":0,"k":100,"ix":7},"sk":{"a":0,"k":0,"ix":4},"sa":{"a":0,"k":0,"ix":5},"nm":"Transform"}],"nm":"Rectangle 1","np":2,"cix":2,"bm":0,"ix":1,"mn":"ADBE Vector Group","hd":false}],"ip":0,"op":865,"st":0,"bm":0}],"markers":[],"chars":[{"ch":"C","size":17,"style":"Bold","w":62.5,"data":{"shapes":[{"ty":"gr","it":[{"ind":0,"ty":"sh","ix":1,"ks":{"a":0,"k":{"i":[[-21.954,0],[-5.136,3.122],[0,0],[6.747,0],[0,13.596],[-14.2,0],[-4.935,-5.136],[0,0],[6.345,0],[0,-21.451]],"o":[[6.345,0],[0,0],[-4.633,5.035],[-14.2,0],[0,-13.596],[6.647,0],[0,0],[-5.136,-3.223],[-21.954,0],[0,21.451]],"v":[[40.686,1.007],[58.209,-3.928],[58.209,-20.847],[40.686,-13.394],[18.228,-37.766],[40.686,-62.036],[58.209,-54.684],[58.209,-71.603],[40.686,-76.538],[3.827,-37.766]],"c":true},"ix":2},"nm":"C","mn":"ADBE Vector Shape - Group","hd":false}],"nm":"C","np":3,"cix":2,"bm":0,"ix":1,"mn":"ADBE Vector Group","hd":false}]},"fFamily":"Orkney"},{"ch":"o","size":17,"style":"Bold","w":58.3,"data":{"shapes":[{"ty":"gr","it":[{"ind":0,"ty":"sh","ix":1,"ks":{"a":0,"k":{"i":[[-15.308,0],[0,14.603],[15.207,0],[0,-14.703]],"o":[[15.207,0],[0,-14.703],[-15.308,0],[0,14.603]],"v":[[29.407,1.007],[55.692,-25.177],[29.407,-51.361],[3.122,-25.177]],"c":true},"ix":2},"nm":"o","mn":"ADBE Vector Shape - Group","hd":false},{"ind":1,"ty":"sh","ix":2,"ks":{"a":0,"k":{"i":[[6.949,0],[0,7.452],[-7.15,0],[0,-7.452]],"o":[[-7.15,0],[0,-7.452],[6.949,0],[0,7.452]],"v":[[29.407,-11.884],[17.624,-25.177],[29.407,-38.571],[41.19,-25.177]],"c":true},"ix":2},"nm":"o","mn":"ADBE Vector Shape - Group","hd":false}],"nm":"o","np":5,"cix":2,"bm":0,"ix":1,"mn":"ADBE Vector Group","hd":false}]},"fFamily":"Orkney"},{"ch":"n","size":17,"style":"Bold","w":60.5,"data":{"shapes":[{"ty":"gr","it":[{"ind":0,"ty":"sh","ix":1,"ks":{"a":0,"k":{"i":[[11.783,0],[3.827,-4.23],[0,0],[0,0],[0,0],[0,0],[0,0],[-5.74,0],[0,-5.136],[0,0],[0,0],[0,0]],"o":[[-6.143,0],[0,0],[0,0],[0,0],[0,0],[0,0],[0,-5.237],[5.539,0],[0,0],[0,0],[0,0],[0,-11.884]],"v":[[35.349,-51.361],[20.041,-44.513],[19.235,-50.354],[6.042,-50.354],[6.042,0],[20.746,0],[20.746,-29.205],[31.018,-38.571],[40.384,-30.011],[40.384,0],[55.087,0],[55.087,-31.824]],"c":true},"ix":2},"nm":"n","mn":"ADBE Vector Shape - Group","hd":false}],"nm":"n","np":3,"cix":2,"bm":0,"ix":1,"mn":"ADBE Vector Group","hd":false}]},"fFamily":"Orkney"},{"ch":"t","size":17,"style":"Bold","w":38.9,"data":{"shapes":[{"ty":"gr","it":[{"ind":0,"ty":"sh","ix":1,"ks":{"a":0,"k":{"i":[[0,0],[1.913,0],[0,4.129],[0,0],[0,0],[0,0],[0,0],[0,0],[0,0],[0,0],[0,0],[0,0],[0,0],[0,0],[-13.696,0],[-2.82,2.417]],"o":[[-1.208,1.309],[-3.122,0],[0,0],[0,0],[0,0],[0,0],[0,0],[0,0],[0,0],[0,0],[0,0],[0,0],[0,0],[0,11.179],[4.834,0],[0,0]],"v":[[32.629,-13.193],[28.098,-11.38],[22.861,-17.523],[22.861,-39.377],[35.449,-39.377],[35.449,-50.354],[22.861,-50.354],[22.861,-67.474],[8.157,-67.474],[8.157,-50.354],[2.115,-50.354],[2.115,-39.377],[8.157,-39.377],[8.157,-17.624],[28.198,1.007],[39.679,-2.719]],"c":true},"ix":2},"nm":"t","mn":"ADBE Vector Shape - Group","hd":false}],"nm":"t","np":3,"cix":2,"bm":0,"ix":1,"mn":"ADBE Vector Group","hd":false}]},"fFamily":"Orkney"},{"ch":"i","size":17,"style":"Bold","w":28.9,"data":{"shapes":[{"ty":"gr","it":[{"ind":0,"ty":"sh","ix":1,"ks":{"a":0,"k":{"i":[[-4.431,0],[0,4.532],[4.532,0],[0,-4.532]],"o":[[4.532,0],[0,-4.532],[-4.431,0],[0,4.532]],"v":[[14.502,-59.015],[22.861,-67.273],[14.502,-75.531],[6.244,-67.273]],"c":true},"ix":2},"nm":"i","mn":"ADBE Vector Shape - Group","hd":false},{"ind":1,"ty":"sh","ix":2,"ks":{"a":0,"k":{"i":[[0,0],[0,0],[0,0],[0,0]],"o":[[0,0],[0,0],[0,0],[0,0]],"v":[[7.15,0],[21.854,0],[21.854,-50.354],[7.15,-50.354]],"c":true},"ix":2},"nm":"i","mn":"ADBE Vector Shape - Group","hd":false}],"nm":"i","np":5,"cix":2,"bm":0,"ix":1,"mn":"ADBE Vector Group","hd":false}]},"fFamily":"Orkney"},{"ch":"u","size":17,"style":"Bold","w":60.8,"data":{"shapes":[{"ty":"gr","it":[{"ind":0,"ty":"sh","ix":1,"ks":{"a":0,"k":{"i":[[0,0],[0,0],[5.64,0],[0,5.237],[0,0],[0,0],[0,0],[-11.179,0],[-3.827,4.33],[0,0],[0,0],[0,0]],"o":[[0,0],[0,5.237],[-5.338,0],[0,0],[0,0],[0,0],[0,11.38],[6.042,0],[0,0],[0,0],[0,0],[0,0]],"v":[[40.585,-50.354],[40.585,-21.249],[30.313,-11.884],[20.847,-21.249],[20.847,-50.354],[6.143,-50.354],[6.143,-19.437],[26.083,1.007],[41.29,-5.942],[42.096,0],[55.188,0],[55.188,-50.354]],"c":true},"ix":2},"nm":"u","mn":"ADBE Vector Shape - Group","hd":false}],"nm":"u","np":3,"cix":2,"bm":0,"ix":1,"mn":"ADBE Vector Group","hd":false}]},"fFamily":"Orkney"},{"ch":"e","size":17,"style":"Bold","w":54.8,"data":{"shapes":[{"ty":"gr","it":[{"ind":0,"ty":"sh","ix":1,"ks":{"a":0,"k":{"i":[[0,1.41],[14.603,0],[0,-14.905],[-17.624,0],[-3.726,8.057],[0,0],[4.935,0],[0.806,6.647],[0,0]],"o":[[0,-15.912],[-16.113,0],[0,15.005],[10.071,0],[0,0],[-3.525,5.237],[-6.949,0],[0,0],[0.201,-1.511]],"v":[[52.167,-25.278],[28.601,-51.462],[3.122,-25.177],[29.105,1.007],[50.858,-12.085],[40.485,-17.221],[28.802,-10.272],[17.725,-20.947],[51.865,-20.947]],"c":true},"ix":2},"nm":"e","mn":"ADBE Vector Shape - Group","hd":false},{"ind":1,"ty":"sh","ix":2,"ks":{"a":0,"k":{"i":[[-6.042,0],[-1.007,-5.841],[0,0]],"o":[[5.841,0],[0,0],[1.208,-5.539]],"v":[[28.4,-39.981],[38.269,-30.817],[18.027,-30.817]],"c":true},"ix":2},"nm":"e","mn":"ADBE Vector Shape - Group","hd":false}],"nm":"e","np":5,"cix":2,"bm":0,"ix":1,"mn":"ADBE Vector Group","hd":false}]},"fFamily":"Orkney"}]}