{"v":"5.4.3","fr":60,"ip":0,"op":120,"w":800,"h":800,"nm":"times up","ddd":0,"assets":[{"id":"comp_0","layers":[{"ddd":0,"ind":1,"ty":5,"nm":"!","sr":1,"ks":{"o":{"a":0,"k":100,"ix":11},"r":{"a":0,"k":0,"ix":10},"p":{"a":1,"k":[{"i":{"x":0.667,"y":1},"o":{"x":0.333,"y":0},"n":"0p667_1_0p333_0","t":21,"s":[362.501,718,0],"e":[684.501,638,0],"to":[53.6666679382324,-13.3333330154419,0],"ti":[-53.6666679382324,13.3333330154419,0]},{"t":36}],"ix":2},"a":{"a":0,"k":[0,0,0],"ix":1},"s":{"a":1,"k":[{"i":{"x":[0.667,0.667,0.667],"y":[1,1,1]},"o":{"x":[0.333,0.333,0.333],"y":[0,0,0]},"n":["0p667_1_0p333_0","0p667_1_0p333_0","0p667_1_0p333_0"],"t":21,"s":[213.71,213.71,100],"e":[109.147,109.147,100]},{"t":36}],"ix":6}},"ao":0,"t":{"d":{"k":[{"s":{"s":400,"f":"Shrikhand-Regular","t":"!","j":2,"tr":0,"lh":480,"ls":0,"fc":[0.839,0.408,0.227]},"t":0}]},"p":{},"m":{"g":1,"a":{"a":0,"k":[0,0],"ix":2}},"a":[]},"ip":0,"op":45,"st":0,"bm":0},{"ddd":0,"ind":2,"ty":5,"nm":"! 2","sr":1,"ks":{"o":{"a":0,"k":30,"ix":11},"r":{"a":0,"k":0,"ix":10},"p":{"a":1,"k":[{"i":{"x":0.667,"y":1},"o":{"x":0.333,"y":0},"n":"0p667_1_0p333_0","t":21,"s":[370.126,728.375,0],"e":[692.126,648.375,0],"to":[53.6666679382324,-13.3333330154419,0],"ti":[-53.6666679382324,13.3333330154419,0]},{"t":36}],"ix":2},"a":{"a":0,"k":[0,0,0],"ix":1},"s":{"a":1,"k":[{"i":{"x":[0.667,0.667,0.667],"y":[1,1,1]},"o":{"x":[0.333,0.333,0.333],"y":[0,0,0]},"n":["0p667_1_0p333_0","0p667_1_0p333_0","0p667_1_0p333_0"],"t":21,"s":[213.71,213.71,100],"e":[109.147,109.147,100]},{"t":36}],"ix":6}},"ao":0,"t":{"d":{"k":[{"s":{"s":400,"f":"Shrikhand-Regular","t":"!","j":2,"tr":0,"lh":480,"ls":0,"fc":[0.522,0.522,0.522]},"t":0}]},"p":{},"m":{"g":1,"a":{"a":0,"k":[0,0],"ix":2}},"a":[]},"ip":0,"op":45,"st":0,"bm":0},{"ddd":0,"ind":3,"ty":0,"nm":"text up","refId":"comp_1","sr":1,"ks":{"o":{"a":0,"k":100,"ix":11},"r":{"a":0,"k":0,"ix":10},"p":{"a":0,"k":[400,400,0],"ix":2},"a":{"a":0,"k":[400,400,0],"ix":1},"s":{"a":0,"k":[100,100,100],"ix":6}},"ao":0,"w":800,"h":800,"ip":44,"op":123,"st":36,"bm":0},{"ddd":0,"ind":4,"ty":4,"nm":"Shape Layer 1","td":1,"sr":1,"ks":{"o":{"a":0,"k":100,"ix":11},"r":{"a":0,"k":0,"ix":10},"p":{"a":0,"k":[400,400,0],"ix":2},"a":{"a":0,"k":[0,0,0],"ix":1},"s":{"a":0,"k":[100,100,100],"ix":6}},"ao":0,"shapes":[{"ty":"gr","it":[{"ind":0,"ty":"sh","ix":1,"ks":{"a":0,"k":{"i":[[0,0],[0,0],[0,0],[0,0]],"o":[[0,0],[0,0],[0,0],[0,0]],"v":[[350,-70],[-396,-68],[-398,272],[250,272]],"c":true},"ix":2},"nm":"Path 1","mn":"ADBE Vector Shape - Group","hd":false},{"ty":"st","c":{"a":0,"k":[1,1,1,1],"ix":3},"o":{"a":0,"k":100,"ix":4},"w":{"a":0,"k":2,"ix":5},"lc":1,"lj":1,"ml":4,"ml2":{"a":0,"k":4,"ix":8},"bm":0,"nm":"Stroke 1","mn":"ADBE Vector Graphic - Stroke","hd":false},{"ty":"fl","c":{"a":0,"k":[1,1,1,1],"ix":4},"o":{"a":0,"k":100,"ix":5},"r":1,"bm":0,"nm":"Fill 1","mn":"ADBE Vector Graphic - Fill","hd":false},{"ty":"tr","p":{"a":0,"k":[0,0],"ix":2},"a":{"a":0,"k":[0,0],"ix":1},"s":{"a":0,"k":[100,100],"ix":3},"r":{"a":0,"k":0,"ix":6},"o":{"a":0,"k":100,"ix":7},"sk":{"a":0,"k":0,"ix":4},"sa":{"a":0,"k":0,"ix":5},"nm":"Transform"}],"nm":"Shape 1","np":3,"cix":2,"bm":0,"ix":1,"mn":"ADBE Vector Group","hd":false}],"ip":36,"op":45,"st":0,"bm":0},{"ddd":0,"ind":5,"ty":0,"nm":"text up","tt":1,"refId":"comp_1","sr":1,"ks":{"o":{"a":0,"k":100,"ix":11},"r":{"a":0,"k":0,"ix":10},"p":{"a":1,"k":[{"i":{"x":0.667,"y":1},"o":{"x":0.333,"y":0},"n":"0p667_1_0p333_0","t":36,"s":[1080,400,0],"e":[400,400,0],"to":[-113.333335876465,0,0],"ti":[113.333335876465,0,0]},{"t":44}],"ix":2},"a":{"a":0,"k":[400,400,0],"ix":1},"s":{"a":0,"k":[100,100,100],"ix":6}},"ao":0,"w":800,"h":800,"ip":36,"op":45,"st":36,"bm":0},{"ddd":0,"ind":6,"ty":0,"nm":"text times","refId":"comp_2","sr":1,"ks":{"o":{"a":0,"k":100,"ix":11},"r":{"a":0,"k":0,"ix":10},"p":{"a":0,"k":[400,400,0],"ix":2},"a":{"a":0,"k":[400,400,0],"ix":1},"s":{"a":0,"k":[100,100,100],"ix":6}},"ao":0,"w":800,"h":800,"ip":44,"op":122,"st":36,"bm":0},{"ddd":0,"ind":7,"ty":4,"nm":"Shape Layer 2","td":1,"sr":1,"ks":{"o":{"a":0,"k":100,"ix":11},"r":{"a":0,"k":0,"ix":10},"p":{"a":0,"k":[401,423,0],"ix":2},"a":{"a":0,"k":[0,0,0],"ix":1},"s":{"a":0,"k":[100,109.15,100],"ix":6}},"ao":0,"shapes":[{"ty":"gr","it":[{"ty":"rc","d":1,"s":{"a":0,"k":[802,150],"ix":2},"p":{"a":0,"k":[0,0],"ix":3},"r":{"a":0,"k":0,"ix":4},"nm":"Rectangle Path 1","mn":"ADBE Vector Shape - Rect","hd":false},{"ty":"fl","c":{"a":0,"k":[1,1,1,1],"ix":4},"o":{"a":0,"k":100,"ix":5},"r":1,"bm":0,"nm":"Fill 1","mn":"ADBE Vector Graphic - Fill","hd":false},{"ty":"tr","p":{"a":0,"k":[-1,-177],"ix":2},"a":{"a":0,"k":[0,0],"ix":1},"s":{"a":0,"k":[100,100],"ix":3},"r":{"a":0,"k":0,"ix":6},"o":{"a":0,"k":100,"ix":7},"sk":{"a":0,"k":0,"ix":4},"sa":{"a":0,"k":0,"ix":5},"nm":"Transform"}],"nm":"Rectangle 1","np":2,"cix":2,"bm":0,"ix":1,"mn":"ADBE Vector Group","hd":false}],"ip":36,"op":45,"st":0,"bm":0},{"ddd":0,"ind":8,"ty":0,"nm":"text times","tt":1,"refId":"comp_2","sr":1,"ks":{"o":{"a":0,"k":100,"ix":11},"r":{"a":0,"k":0,"ix":10},"p":{"a":1,"k":[{"i":{"x":0.667,"y":1},"o":{"x":0.333,"y":0},"n":"0p667_1_0p333_0","t":36,"s":[400,561,0],"e":[400,400,0],"to":[0,-26.8333339691162,0],"ti":[0,26.8333339691162,0]},{"t":44}],"ix":2},"a":{"a":0,"k":[400,400,0],"ix":1},"s":{"a":0,"k":[100,100,100],"ix":6}},"ao":0,"w":800,"h":800,"ip":36,"op":45,"st":36,"bm":0}]},{"id":"comp_1","layers":[{"ddd":0,"ind":1,"ty":5,"nm":"UP!","sr":1,"ks":{"o":{"a":0,"k":100,"ix":11},"r":{"a":0,"k":0,"ix":10},"p":{"a":0,"k":[370.001,638,0],"ix":2},"a":{"a":0,"k":[0,0,0],"ix":1},"s":{"a":0,"k":[108.733,108.733,100],"ix":6}},"ao":0,"t":{"d":{"k":[{"s":{"s":400,"f":"Shrikhand-Regular","t":"UP!","j":2,"tr":0,"lh":480,"ls":0,"fc":[0.839,0.408,0.227]},"t":0}]},"p":{},"m":{"g":1,"a":{"a":0,"k":[0,0],"ix":2}},"a":[]},"ip":0,"op":120,"st":-35,"bm":0},{"ddd":0,"ind":2,"ty":5,"nm":"UP! 2","sr":1,"ks":{"o":{"a":0,"k":30,"ix":11},"r":{"a":0,"k":0,"ix":10},"p":{"a":0,"k":[377.501,649,0],"ix":2},"a":{"a":0,"k":[0,0,0],"ix":1},"s":{"a":0,"k":[108.733,108.733,100],"ix":6}},"ao":0,"t":{"d":{"k":[{"s":{"s":400,"f":"Shrikhand-Regular","t":"UP!","j":2,"tr":0,"lh":480,"ls":0,"fc":[0.518,0.518,0.518]},"t":0}]},"p":{},"m":{"g":1,"a":{"a":0,"k":[0,0],"ix":2}},"a":[]},"ip":0,"op":120,"st":-35,"bm":0}]},{"id":"comp_2","layers":[{"ddd":0,"ind":1,"ty":5,"nm":"TIME’S","sr":1,"ks":{"o":{"a":0,"k":100,"ix":11},"r":{"a":0,"k":0,"ix":10},"p":{"a":0,"k":[386.373,295,0],"ix":2},"a":{"a":0,"k":[0,0,0],"ix":1},"s":{"a":0,"k":[50.778,50.778,100],"ix":6}},"ao":0,"t":{"d":{"k":[{"s":{"s":400,"f":"Shrikhand-Regular","t":"TIME’S","j":2,"tr":0,"lh":480,"ls":0,"fc":[0.839,0.408,0.227]},"t":0}]},"p":{},"m":{"g":1,"a":{"a":0,"k":[0,0],"ix":2}},"a":[]},"ip":0,"op":120,"st":-35,"bm":0},{"ddd":0,"ind":2,"ty":5,"nm":"TIME’S 2","sr":1,"ks":{"o":{"a":0,"k":30,"ix":11},"r":{"a":0,"k":0,"ix":10},"p":{"a":0,"k":[393.873,306,0],"ix":2},"a":{"a":0,"k":[0,0,0],"ix":1},"s":{"a":0,"k":[50.778,50.778,100],"ix":6}},"ao":0,"t":{"d":{"k":[{"s":{"s":400,"f":"Shrikhand-Regular","t":"TIME’S","j":2,"tr":0,"lh":480,"ls":0,"fc":[0.518,0.518,0.518]},"t":0}]},"p":{},"m":{"g":1,"a":{"a":0,"k":[0,0],"ix":2}},"a":[]},"ip":0,"op":120,"st":-35,"bm":0}]},{"id":"comp_3","layers":[{"ddd":0,"ind":1,"ty":4,"nm":"Layer 3 Outlines","sr":1,"ks":{"o":{"a":0,"k":100,"ix":11},"r":{"a":1,"k":[{"i":{"x":[0.667],"y":[1]},"o":{"x":[0.333],"y":[0]},"n":["0p667_1_0p333_0"],"t":0,"s":[-6.291],"e":[-2.107]},{"i":{"x":[0.667],"y":[1]},"o":{"x":[0.333],"y":[0]},"n":["0p667_1_0p333_0"],"t":5,"s":[-2.107],"e":[-11.431]},{"i":{"x":[0.667],"y":[1]},"o":{"x":[0.333],"y":[0]},"n":["0p667_1_0p333_0"],"t":7.5,"s":[-11.431],"e":[-6.291]},{"i":{"x":[0.667],"y":[1]},"o":{"x":[0.333],"y":[0]},"n":["0p667_1_0p333_0"],"t":10,"s":[-6.291],"e":[-2.107]},{"i":{"x":[0.667],"y":[1]},"o":{"x":[0.333],"y":[0]},"n":["0p667_1_0p333_0"],"t":15,"s":[-2.107],"e":[-11.431]},{"i":{"x":[0.667],"y":[1]},"o":{"x":[0.333],"y":[0]},"n":["0p667_1_0p333_0"],"t":17.5,"s":[-11.431],"e":[-6.291]},{"i":{"x":[0.667],"y":[1]},"o":{"x":[0.333],"y":[0]},"n":["0p667_1_0p333_0"],"t":20,"s":[-6.291],"e":[-2.107]},{"i":{"x":[0.667],"y":[1]},"o":{"x":[0.333],"y":[0]},"n":["0p667_1_0p333_0"],"t":25,"s":[-2.107],"e":[-11.431]},{"i":{"x":[0.667],"y":[1]},"o":{"x":[0.333],"y":[0]},"n":["0p667_1_0p333_0"],"t":27.5,"s":[-11.431],"e":[-6.291]},{"i":{"x":[0.667],"y":[1]},"o":{"x":[0.333],"y":[0]},"n":["0p667_1_0p333_0"],"t":30,"s":[-6.291],"e":[-2.107]},{"i":{"x":[0.667],"y":[1]},"o":{"x":[0.333],"y":[0]},"n":["0p667_1_0p333_0"],"t":35,"s":[-2.107],"e":[-11.431]},{"i":{"x":[0.667],"y":[1]},"o":{"x":[0.333],"y":[0]},"n":["0p667_1_0p333_0"],"t":37.5,"s":[-11.431],"e":[-6.291]},{"i":{"x":[0.667],"y":[1]},"o":{"x":[0.333],"y":[0]},"n":["0p667_1_0p333_0"],"t":40,"s":[-6.291],"e":[-2.107]},{"i":{"x":[0.667],"y":[1]},"o":{"x":[0.333],"y":[0]},"n":["0p667_1_0p333_0"],"t":45,"s":[-2.107],"e":[-11.431]},{"i":{"x":[0.667],"y":[1]},"o":{"x":[0.333],"y":[0]},"n":["0p667_1_0p333_0"],"t":47.5,"s":[-11.431],"e":[-6.291]},{"i":{"x":[0.667],"y":[1]},"o":{"x":[0.333],"y":[0]},"n":["0p667_1_0p333_0"],"t":50,"s":[-6.291],"e":[-2.107]},{"i":{"x":[0.667],"y":[1]},"o":{"x":[0.333],"y":[0]},"n":["0p667_1_0p333_0"],"t":55,"s":[-2.107],"e":[-11.431]},{"i":{"x":[0.667],"y":[1]},"o":{"x":[0.333],"y":[0]},"n":["0p667_1_0p333_0"],"t":57.5,"s":[-11.431],"e":[-6.291]},{"i":{"x":[0.667],"y":[1]},"o":{"x":[0.167],"y":[0]},"n":["0p667_1_0p167_0"],"t":60,"s":[-6.291],"e":[-2.107]},{"i":{"x":[0.667],"y":[1]},"o":{"x":[0.333],"y":[0]},"n":["0p667_1_0p333_0"],"t":64,"s":[-2.107],"e":[-11.431]},{"i":{"x":[0.667],"y":[1]},"o":{"x":[0.333],"y":[0]},"n":["0p667_1_0p333_0"],"t":66.5,"s":[-11.431],"e":[-6.291]},{"i":{"x":[0.667],"y":[1]},"o":{"x":[0.333],"y":[0]},"n":["0p667_1_0p333_0"],"t":69,"s":[-6.291],"e":[-2.107]},{"i":{"x":[0.667],"y":[1]},"o":{"x":[0.333],"y":[0]},"n":["0p667_1_0p333_0"],"t":74,"s":[-2.107],"e":[-11.431]},{"i":{"x":[0.667],"y":[1]},"o":{"x":[0.333],"y":[0]},"n":["0p667_1_0p333_0"],"t":76.5,"s":[-11.431],"e":[-6.291]},{"i":{"x":[0.667],"y":[1]},"o":{"x":[0.333],"y":[0]},"n":["0p667_1_0p333_0"],"t":79,"s":[-6.291],"e":[-2.107]},{"i":{"x":[0.667],"y":[1]},"o":{"x":[0.333],"y":[0]},"n":["0p667_1_0p333_0"],"t":84,"s":[-2.107],"e":[-11.431]},{"i":{"x":[0.667],"y":[1]},"o":{"x":[0.333],"y":[0]},"n":["0p667_1_0p333_0"],"t":86.5,"s":[-11.431],"e":[-6.291]},{"i":{"x":[0.667],"y":[1]},"o":{"x":[0.333],"y":[0]},"n":["0p667_1_0p333_0"],"t":89,"s":[-6.291],"e":[-2.107]},{"i":{"x":[0.667],"y":[1]},"o":{"x":[0.333],"y":[0]},"n":["0p667_1_0p333_0"],"t":94,"s":[-2.107],"e":[-11.431]},{"i":{"x":[0.667],"y":[1]},"o":{"x":[0.333],"y":[0]},"n":["0p667_1_0p333_0"],"t":96.5,"s":[-11.431],"e":[-6.291]},{"i":{"x":[0.667],"y":[1]},"o":{"x":[0.333],"y":[0]},"n":["0p667_1_0p333_0"],"t":99,"s":[-6.291],"e":[-2.107]},{"i":{"x":[0.667],"y":[1]},"o":{"x":[0.333],"y":[0]},"n":["0p667_1_0p333_0"],"t":104,"s":[-2.107],"e":[-11.431]},{"i":{"x":[0.667],"y":[1]},"o":{"x":[0.333],"y":[0]},"n":["0p667_1_0p333_0"],"t":106.5,"s":[-11.431],"e":[-6.291]},{"i":{"x":[0.667],"y":[1]},"o":{"x":[0.333],"y":[0]},"n":["0p667_1_0p333_0"],"t":109,"s":[-6.291],"e":[-2.107]},{"i":{"x":[0.667],"y":[1]},"o":{"x":[0.333],"y":[0]},"n":["0p667_1_0p333_0"],"t":114,"s":[-2.107],"e":[-11.431]},{"i":{"x":[0.667],"y":[1]},"o":{"x":[0.333],"y":[0]},"n":["0p667_1_0p333_0"],"t":116.5,"s":[-11.431],"e":[-6.291]},{"t":119}],"ix":10},"p":{"a":0,"k":[556.427,204.556,0],"ix":2},"a":{"a":0,"k":[112.154,23.984,0],"ix":1},"s":{"a":0,"k":[100,100,100],"ix":6}},"ao":0,"shapes":[{"ty":"gr","it":[{"ind":0,"ty":"sh","ix":1,"ks":{"a":0,"k":{"i":[[26.996,-31.917],[-3.341,-2.34],[-11.787,3.583],[0,0]],"o":[[-2.634,3.114],[0,0],[42.442,-12.903],[-34.914,-24.447]],"v":[[-53.326,-3.034],[-51.917,7.161],[9.639,38.33],[55.96,-17.136]],"c":true},"ix":2},"nm":"Path 1","mn":"ADBE Vector Shape - Group","hd":false},{"ty":"fl","c":{"a":0,"k":[0.901960849762,0.901960849762,0.901960849762,1],"ix":4},"o":{"a":0,"k":100,"ix":5},"r":1,"bm":0,"nm":"Fill 1","mn":"ADBE Vector Graphic - Fill","hd":false},{"ty":"tr","p":{"a":0,"k":[56.21,41.833],"ix":2},"a":{"a":0,"k":[0,0],"ix":1},"s":{"a":0,"k":[100,100],"ix":3},"r":{"a":0,"k":0,"ix":6},"o":{"a":0,"k":100,"ix":7},"sk":{"a":0,"k":0,"ix":4},"sa":{"a":0,"k":0,"ix":5},"nm":"Transform"}],"nm":"Group 1","np":2,"cix":2,"bm":0,"ix":1,"mn":"ADBE Vector Group","hd":false},{"ty":"gr","it":[{"ind":0,"ty":"sh","ix":1,"ks":{"a":0,"k":{"i":[[34.914,24.447],[26.996,-31.917],[-3.341,-2.339],[0,0],[-2.025,3.54]],"o":[[-34.914,-24.447],[-2.634,3.114],[0,0],[3.341,2.34],[20.76,-36.284]],"v":[[33.517,-43.787],[-75.77,-29.685],[-74.36,-19.491],[47.583,65.894],[57.644,63.733]],"c":true},"ix":2},"nm":"Path 1","mn":"ADBE Vector Shape - Group","hd":false},{"ty":"fl","c":{"a":0,"k":[0.800000071526,0.800000071526,0.800000071526,1],"ix":4},"o":{"a":0,"k":100,"ix":5},"r":1,"bm":0,"nm":"Fill 1","mn":"ADBE Vector Graphic - Fill","hd":false},{"ty":"tr","p":{"a":0,"k":[78.654,68.484],"ix":2},"a":{"a":0,"k":[0,0],"ix":1},"s":{"a":0,"k":[100,100],"ix":3},"r":{"a":0,"k":0,"ix":6},"o":{"a":0,"k":100,"ix":7},"sk":{"a":0,"k":0,"ix":4},"sa":{"a":0,"k":0,"ix":5},"nm":"Transform"}],"nm":"Group 2","np":2,"cix":2,"bm":0,"ix":2,"mn":"ADBE Vector Group","hd":false}],"ip":0,"op":120,"st":0,"bm":0},{"ddd":0,"ind":2,"ty":4,"nm":"Layer 4 Outlines","sr":1,"ks":{"o":{"a":0,"k":100,"ix":11},"r":{"a":1,"k":[{"i":{"x":[0.667],"y":[1]},"o":{"x":[0.333],"y":[0]},"n":["0p667_1_0p333_0"],"t":0,"s":[1.715],"e":[9.624]},{"i":{"x":[0.667],"y":[1]},"o":{"x":[0.333],"y":[0]},"n":["0p667_1_0p333_0"],"t":2.5,"s":[9.624],"e":[8.131]},{"i":{"x":[0.667],"y":[1]},"o":{"x":[0.333],"y":[0]},"n":["0p667_1_0p333_0"],"t":5,"s":[8.131],"e":[1.715]},{"i":{"x":[0.667],"y":[1]},"o":{"x":[0.333],"y":[0]},"n":["0p667_1_0p333_0"],"t":10,"s":[1.715],"e":[9.624]},{"i":{"x":[0.667],"y":[1]},"o":{"x":[0.333],"y":[0]},"n":["0p667_1_0p333_0"],"t":12.5,"s":[9.624],"e":[8.131]},{"i":{"x":[0.667],"y":[1]},"o":{"x":[0.333],"y":[0]},"n":["0p667_1_0p333_0"],"t":15,"s":[8.131],"e":[1.715]},{"i":{"x":[0.667],"y":[1]},"o":{"x":[0.333],"y":[0]},"n":["0p667_1_0p333_0"],"t":20,"s":[1.715],"e":[9.624]},{"i":{"x":[0.667],"y":[1]},"o":{"x":[0.333],"y":[0]},"n":["0p667_1_0p333_0"],"t":22.5,"s":[9.624],"e":[8.131]},{"i":{"x":[0.667],"y":[1]},"o":{"x":[0.333],"y":[0]},"n":["0p667_1_0p333_0"],"t":25,"s":[8.131],"e":[1.715]},{"i":{"x":[0.667],"y":[1]},"o":{"x":[0.333],"y":[0]},"n":["0p667_1_0p333_0"],"t":30,"s":[1.715],"e":[9.624]},{"i":{"x":[0.667],"y":[1]},"o":{"x":[0.333],"y":[0]},"n":["0p667_1_0p333_0"],"t":32.5,"s":[9.624],"e":[8.131]},{"i":{"x":[0.667],"y":[1]},"o":{"x":[0.333],"y":[0]},"n":["0p667_1_0p333_0"],"t":35,"s":[8.131],"e":[1.715]},{"i":{"x":[0.667],"y":[1]},"o":{"x":[0.333],"y":[0]},"n":["0p667_1_0p333_0"],"t":40,"s":[1.715],"e":[9.624]},{"i":{"x":[0.667],"y":[1]},"o":{"x":[0.333],"y":[0]},"n":["0p667_1_0p333_0"],"t":42.5,"s":[9.624],"e":[8.131]},{"i":{"x":[0.667],"y":[1]},"o":{"x":[0.333],"y":[0]},"n":["0p667_1_0p333_0"],"t":45,"s":[8.131],"e":[1.715]},{"i":{"x":[0.667],"y":[1]},"o":{"x":[0.333],"y":[0]},"n":["0p667_1_0p333_0"],"t":50,"s":[1.715],"e":[9.624]},{"i":{"x":[0.667],"y":[1]},"o":{"x":[0.333],"y":[0]},"n":["0p667_1_0p333_0"],"t":52.5,"s":[9.624],"e":[8.131]},{"i":{"x":[0.667],"y":[1]},"o":{"x":[0.333],"y":[0]},"n":["0p667_1_0p333_0"],"t":55,"s":[8.131],"e":[1.715]},{"i":{"x":[0.667],"y":[1]},"o":{"x":[0.167],"y":[0]},"n":["0p667_1_0p167_0"],"t":60,"s":[1.715],"e":[9.624]},{"i":{"x":[0.667],"y":[1]},"o":{"x":[0.333],"y":[0]},"n":["0p667_1_0p333_0"],"t":62,"s":[9.624],"e":[8.131]},{"i":{"x":[0.667],"y":[1]},"o":{"x":[0.333],"y":[0]},"n":["0p667_1_0p333_0"],"t":64.5,"s":[8.131],"e":[1.715]},{"i":{"x":[0.667],"y":[1]},"o":{"x":[0.333],"y":[0]},"n":["0p667_1_0p333_0"],"t":69.5,"s":[1.715],"e":[9.624]},{"i":{"x":[0.667],"y":[1]},"o":{"x":[0.333],"y":[0]},"n":["0p667_1_0p333_0"],"t":72,"s":[9.624],"e":[8.131]},{"i":{"x":[0.667],"y":[1]},"o":{"x":[0.333],"y":[0]},"n":["0p667_1_0p333_0"],"t":74.5,"s":[8.131],"e":[1.715]},{"i":{"x":[0.667],"y":[1]},"o":{"x":[0.333],"y":[0]},"n":["0p667_1_0p333_0"],"t":79.5,"s":[1.715],"e":[9.624]},{"i":{"x":[0.667],"y":[1]},"o":{"x":[0.333],"y":[0]},"n":["0p667_1_0p333_0"],"t":82,"s":[9.624],"e":[8.131]},{"i":{"x":[0.667],"y":[1]},"o":{"x":[0.333],"y":[0]},"n":["0p667_1_0p333_0"],"t":84.5,"s":[8.131],"e":[1.715]},{"i":{"x":[0.667],"y":[1]},"o":{"x":[0.333],"y":[0]},"n":["0p667_1_0p333_0"],"t":89.5,"s":[1.715],"e":[9.624]},{"i":{"x":[0.667],"y":[1]},"o":{"x":[0.333],"y":[0]},"n":["0p667_1_0p333_0"],"t":92,"s":[9.624],"e":[8.131]},{"i":{"x":[0.667],"y":[1]},"o":{"x":[0.333],"y":[0]},"n":["0p667_1_0p333_0"],"t":94.5,"s":[8.131],"e":[1.715]},{"i":{"x":[0.667],"y":[1]},"o":{"x":[0.333],"y":[0]},"n":["0p667_1_0p333_0"],"t":99.5,"s":[1.715],"e":[9.624]},{"i":{"x":[0.667],"y":[1]},"o":{"x":[0.333],"y":[0]},"n":["0p667_1_0p333_0"],"t":102,"s":[9.624],"e":[8.131]},{"i":{"x":[0.667],"y":[1]},"o":{"x":[0.333],"y":[0]},"n":["0p667_1_0p333_0"],"t":104.5,"s":[8.131],"e":[1.715]},{"i":{"x":[0.667],"y":[1]},"o":{"x":[0.333],"y":[0]},"n":["0p667_1_0p333_0"],"t":109.5,"s":[1.715],"e":[9.624]},{"i":{"x":[0.667],"y":[1]},"o":{"x":[0.333],"y":[0]},"n":["0p667_1_0p333_0"],"t":112,"s":[9.624],"e":[8.131]},{"i":{"x":[0.667],"y":[1]},"o":{"x":[0.333],"y":[0]},"n":["0p667_1_0p333_0"],"t":114.5,"s":[8.131],"e":[1.715]},{"t":119.5}],"ix":10},"p":{"a":0,"k":[243.073,204.556,0],"ix":2},"a":{"a":0,"k":[44.654,23.983,0],"ix":1},"s":{"a":0,"k":[100,100,100],"ix":6}},"ao":0,"shapes":[{"ty":"gr","it":[{"ind":0,"ty":"sh","ix":1,"ks":{"a":0,"k":{"i":[[2.634,3.114],[34.914,-24.446],[-59.652,8.381],[0,0]],"o":[[-26.996,-31.917],[0,0],[26.269,-21.619],[3.341,-2.34]],"v":[[53.327,-3.034],[-55.961,-17.136],[-3.534,41.797],[51.917,7.16]],"c":true},"ix":2},"nm":"Path 1","mn":"ADBE Vector Shape - Group","hd":false},{"ty":"fl","c":{"a":0,"k":[0.901960849762,0.901960849762,0.901960849762,1],"ix":4},"o":{"a":0,"k":100,"ix":5},"r":1,"bm":0,"nm":"Fill 1","mn":"ADBE Vector Graphic - Fill","hd":false},{"ty":"tr","p":{"a":0,"k":[101.097,41.833],"ix":2},"a":{"a":0,"k":[0,0],"ix":1},"s":{"a":0,"k":[100,100],"ix":3},"r":{"a":0,"k":0,"ix":6},"o":{"a":0,"k":100,"ix":7},"sk":{"a":0,"k":0,"ix":4},"sa":{"a":0,"k":0,"ix":5},"nm":"Transform"}],"nm":"Group 1","np":2,"cix":2,"bm":0,"ix":1,"mn":"ADBE Vector Group","hd":false},{"ty":"gr","it":[{"ind":0,"ty":"sh","ix":1,"ks":{"a":0,"k":{"i":[[34.914,-24.447],[-20.76,-36.285],[-3.341,2.339],[0,0],[2.633,3.114]],"o":[[-34.914,24.447],[2.025,3.54],[0,0],[3.341,-2.339],[-26.996,-31.918]],"v":[[-33.518,-43.787],[-57.644,63.733],[-47.583,65.894],[74.359,-19.491],[75.771,-29.684]],"c":true},"ix":2},"nm":"Path 1","mn":"ADBE Vector Shape - Group","hd":false},{"ty":"fl","c":{"a":0,"k":[0.800000071526,0.800000071526,0.800000071526,1],"ix":4},"o":{"a":0,"k":100,"ix":5},"r":1,"bm":0,"nm":"Fill 1","mn":"ADBE Vector Graphic - Fill","hd":false},{"ty":"tr","p":{"a":0,"k":[78.653,68.484],"ix":2},"a":{"a":0,"k":[0,0],"ix":1},"s":{"a":0,"k":[100,100],"ix":3},"r":{"a":0,"k":0,"ix":6},"o":{"a":0,"k":100,"ix":7},"sk":{"a":0,"k":0,"ix":4},"sa":{"a":0,"k":0,"ix":5},"nm":"Transform"}],"nm":"Group 2","np":2,"cix":2,"bm":0,"ix":2,"mn":"ADBE Vector Group","hd":false}],"ip":0,"op":120,"st":0,"bm":0},{"ddd":0,"ind":3,"ty":4,"nm":"Layer 1 Outlines","sr":1,"ks":{"o":{"a":0,"k":100,"ix":11},"r":{"a":0,"k":0,"ix":10},"p":{"a":0,"k":[400,394.648,0],"ix":2},"a":{"a":0,"k":[184.293,220.493,0],"ix":1},"s":{"a":0,"k":[100,100,100],"ix":6}},"ao":0,"shapes":[{"ty":"gr","it":[{"ind":0,"ty":"sh","ix":1,"ks":{"a":0,"k":{"i":[[-73.479,0],[-3.106,-72.714],[0,1.988],[75.467,0],[0,-75.466],[-0.084,-1.967]],"o":[[73.479,0],[0.084,-1.967],[0,-75.466],[-75.467,0],[0,1.988],[3.107,-72.714]],"v":[[0,-59.431],[136.495,71.286],[136.645,65.358],[0,-71.286],[-136.645,65.358],[-136.495,71.286]],"c":true},"ix":2},"nm":"Path 1","mn":"ADBE Vector Shape - Group","hd":false},{"ty":"fl","c":{"a":0,"k":[0.902000038297,0.902000038297,0.902000038297,1],"ix":4},"o":{"a":0,"k":100,"ix":5},"r":1,"bm":0,"nm":"Fill 1","mn":"ADBE Vector Graphic - Fill","hd":false},{"ty":"tr","p":{"a":0,"k":[184.292,190.431],"ix":2},"a":{"a":0,"k":[0,0],"ix":1},"s":{"a":0,"k":[100,100],"ix":3},"r":{"a":0,"k":0,"ix":6},"o":{"a":0,"k":100,"ix":7},"sk":{"a":0,"k":0,"ix":4},"sa":{"a":0,"k":0,"ix":5},"nm":"Transform"}],"nm":"Group 1","np":2,"cix":2,"bm":0,"ix":1,"mn":"ADBE Vector Group","hd":false},{"ty":"gr","it":[{"ind":0,"ty":"sh","ix":1,"ks":{"a":0,"k":{"i":[[0,-75.466],[75.467,0],[0,75.467],[-75.466,0]],"o":[[0,75.467],[-75.466,0],[0,-75.466],[75.467,0]],"v":[[136.645,0],[-0.001,136.645],[-136.644,0],[-0.001,-136.645]],"c":true},"ix":2},"nm":"Path 1","mn":"ADBE Vector Shape - Group","hd":false},{"ty":"fl","c":{"a":0,"k":[1,1,1,1],"ix":4},"o":{"a":0,"k":100,"ix":5},"r":1,"bm":0,"nm":"Fill 1","mn":"ADBE Vector Graphic - Fill","hd":false},{"ty":"tr","p":{"a":0,"k":[184.292,255.789],"ix":2},"a":{"a":0,"k":[0,0],"ix":1},"s":{"a":0,"k":[100,100],"ix":3},"r":{"a":0,"k":0,"ix":6},"o":{"a":0,"k":100,"ix":7},"sk":{"a":0,"k":0,"ix":4},"sa":{"a":0,"k":0,"ix":5},"nm":"Transform"}],"nm":"Group 2","np":2,"cix":2,"bm":0,"ix":2,"mn":"ADBE Vector Group","hd":false},{"ty":"gr","it":[{"ind":0,"ty":"sh","ix":1,"ks":{"a":0,"k":{"i":[[0,-96.672],[96.672,0],[0,96.672],[-96.672,0]],"o":[[0,96.672],[-96.672,0],[0,-96.672],[96.672,0]],"v":[[175.041,0],[0,175.04],[-175.04,0],[0,-175.04]],"c":true},"ix":2},"nm":"Path 1","mn":"ADBE Vector Shape - Group","hd":false},{"ty":"fl","c":{"a":0,"k":[0.059000000299,0.8,0.808000033509,1],"ix":4},"o":{"a":0,"k":100,"ix":5},"r":1,"bm":0,"nm":"Fill 1","mn":"ADBE Vector Graphic - Fill","hd":false},{"ty":"tr","p":{"a":0,"k":[184.292,262.319],"ix":2},"a":{"a":0,"k":[0,0],"ix":1},"s":{"a":0,"k":[100,100],"ix":3},"r":{"a":0,"k":0,"ix":6},"o":{"a":0,"k":100,"ix":7},"sk":{"a":0,"k":0,"ix":4},"sa":{"a":0,"k":0,"ix":5},"nm":"Transform"}],"nm":"Group 3","np":2,"cix":2,"bm":0,"ix":3,"mn":"ADBE Vector Group","hd":false},{"ty":"gr","it":[{"ind":0,"ty":"sh","ix":1,"ks":{"a":0,"k":{"i":[[0,-100.278],[100.278,0],[0,100.278],[-100.279,0]],"o":[[0,100.278],[-100.279,0],[0,-100.278],[100.278,0]],"v":[[181.57,0],[0,181.57],[-181.57,0],[0,-181.57]],"c":true},"ix":2},"nm":"Path 1","mn":"ADBE Vector Shape - Group","hd":false},{"ty":"fl","c":{"a":0,"k":[0.086000001197,0.501999978458,0.505999995213,1],"ix":4},"o":{"a":0,"k":100,"ix":5},"r":1,"bm":0,"nm":"Fill 1","mn":"ADBE Vector Graphic - Fill","hd":false},{"ty":"tr","p":{"a":0,"k":[184.293,255.789],"ix":2},"a":{"a":0,"k":[0,0],"ix":1},"s":{"a":0,"k":[100,100],"ix":3},"r":{"a":0,"k":0,"ix":6},"o":{"a":0,"k":100,"ix":7},"sk":{"a":0,"k":0,"ix":4},"sa":{"a":0,"k":0,"ix":5},"nm":"Transform"}],"nm":"Group 4","np":2,"cix":2,"bm":0,"ix":4,"mn":"ADBE Vector Group","hd":false},{"ty":"gr","it":[{"ind":0,"ty":"sh","ix":1,"ks":{"a":0,"k":{"i":[[-5.57,-7.955],[7.954,-5.57],[5.57,7.955],[-7.955,5.57]],"o":[[5.569,7.955],[-7.954,5.57],[-5.57,-7.955],[7.954,-5.57]],"v":[[14.404,-10.085],[10.086,14.403],[-14.402,10.085],[-10.085,-14.403]],"c":true},"ix":2},"nm":"Path 1","mn":"ADBE Vector Shape - Group","hd":false},{"ty":"fl","c":{"a":0,"k":[0.902000038297,0.902000038297,0.902000038297,1],"ix":4},"o":{"a":0,"k":100,"ix":5},"r":1,"bm":0,"nm":"Fill 1","mn":"ADBE Vector Graphic - Fill","hd":false},{"ty":"tr","p":{"a":0,"k":[20.222,20.223],"ix":2},"a":{"a":0,"k":[0,0],"ix":1},"s":{"a":0,"k":[100,100],"ix":3},"r":{"a":0,"k":0,"ix":6},"o":{"a":0,"k":100,"ix":7},"sk":{"a":0,"k":0,"ix":4},"sa":{"a":0,"k":0,"ix":5},"nm":"Transform"}],"nm":"Group 5","np":2,"cix":2,"bm":0,"ix":5,"mn":"ADBE Vector Group","hd":false},{"ty":"gr","it":[{"ind":0,"ty":"sh","ix":1,"ks":{"a":0,"k":{"i":[[5.57,-7.955],[7.955,5.57],[-5.57,7.955],[-7.955,-5.57]],"o":[[-5.569,7.955],[-7.954,-5.57],[5.57,-7.955],[7.954,5.57]],"v":[[14.403,10.085],[-10.085,14.403],[-14.403,-10.085],[10.086,-14.403]],"c":true},"ix":2},"nm":"Path 1","mn":"ADBE Vector Shape - Group","hd":false},{"ty":"fl","c":{"a":0,"k":[0.902000038297,0.902000038297,0.902000038297,1],"ix":4},"o":{"a":0,"k":100,"ix":5},"r":1,"bm":0,"nm":"Fill 1","mn":"ADBE Vector Graphic - Fill","hd":false},{"ty":"tr","p":{"a":0,"k":[348.362,20.223],"ix":2},"a":{"a":0,"k":[0,0],"ix":1},"s":{"a":0,"k":[100,100],"ix":3},"r":{"a":0,"k":0,"ix":6},"o":{"a":0,"k":100,"ix":7},"sk":{"a":0,"k":0,"ix":4},"sa":{"a":0,"k":0,"ix":5},"nm":"Transform"}],"nm":"Group 6","np":2,"cix":2,"bm":0,"ix":6,"mn":"ADBE Vector Group","hd":false},{"ty":"gr","it":[{"ind":0,"ty":"sh","ix":1,"ks":{"a":0,"k":{"i":[[-5.829,3.574],[0,0],[0,0],[0,0]],"o":[[0,0],[0,0],[0,0],[5.357,-4.205]],"v":[[24.51,17.187],[-7.757,-28.893],[-24.51,-17.165],[7.74,28.893]],"c":true},"ix":2},"nm":"Path 1","mn":"ADBE Vector Shape - Group","hd":false},{"ty":"fl","c":{"a":0,"k":[0.8,0.8,0.8,1],"ix":4},"o":{"a":0,"k":100,"ix":5},"r":1,"bm":0,"nm":"Fill 1","mn":"ADBE Vector Graphic - Fill","hd":false},{"ty":"tr","p":{"a":0,"k":[67.433,87.636],"ix":2},"a":{"a":0,"k":[0,0],"ix":1},"s":{"a":0,"k":[100,100],"ix":3},"r":{"a":0,"k":0,"ix":6},"o":{"a":0,"k":100,"ix":7},"sk":{"a":0,"k":0,"ix":4},"sa":{"a":0,"k":0,"ix":5},"nm":"Transform"}],"nm":"Group 7","np":2,"cix":2,"bm":0,"ix":7,"mn":"ADBE Vector Group","hd":false},{"ty":"gr","it":[{"ind":0,"ty":"sh","ix":1,"ks":{"a":0,"k":{"i":[[-5.357,-4.204],[0,0],[0,0],[0,0]],"o":[[0,0],[0,0],[0,0],[5.83,3.574]],"v":[[-7.739,28.893],[24.509,-17.164],[7.756,-28.893],[-24.509,17.187]],"c":true},"ix":2},"nm":"Path 1","mn":"ADBE Vector Shape - Group","hd":false},{"ty":"fl","c":{"a":0,"k":[0.8,0.8,0.8,1],"ix":4},"o":{"a":0,"k":100,"ix":5},"r":1,"bm":0,"nm":"Fill 1","mn":"ADBE Vector Graphic - Fill","hd":false},{"ty":"tr","p":{"a":0,"k":[301.151,87.636],"ix":2},"a":{"a":0,"k":[0,0],"ix":1},"s":{"a":0,"k":[100,100],"ix":3},"r":{"a":0,"k":0,"ix":6},"o":{"a":0,"k":100,"ix":7},"sk":{"a":0,"k":0,"ix":4},"sa":{"a":0,"k":0,"ix":5},"nm":"Transform"}],"nm":"Group 8","np":2,"cix":2,"bm":0,"ix":8,"mn":"ADBE Vector Group","hd":false},{"ty":"gr","it":[{"ind":0,"ty":"sh","ix":1,"ks":{"a":0,"k":{"i":[[0,0],[9.232,-4.543],[0,0],[-7.356,4.239],[4.235,7.353]],"o":[[-8.493,5.681],[0,0],[4.23,7.349],[7.355,-4.235],[0,0]],"v":[[0.381,-31.382],[-26.238,-16.036],[-4.62,21.498],[16.359,27.143],[22.003,6.161]],"c":true},"ix":2},"nm":"Path 1","mn":"ADBE Vector Shape - Group","hd":false},{"ty":"fl","c":{"a":0,"k":[0.838999968884,0.40800000359,0.226999993418,1],"ix":4},"o":{"a":0,"k":100,"ix":5},"r":1,"bm":0,"nm":"Fill 1","mn":"ADBE Vector Graphic - Fill","hd":false},{"ty":"tr","p":{"a":0,"k":[313.086,409.353],"ix":2},"a":{"a":0,"k":[0,0],"ix":1},"s":{"a":0,"k":[100,100],"ix":3},"r":{"a":0,"k":0,"ix":6},"o":{"a":0,"k":100,"ix":7},"sk":{"a":0,"k":0,"ix":4},"sa":{"a":0,"k":0,"ix":5},"nm":"Transform"}],"nm":"Group 9","np":2,"cix":2,"bm":0,"ix":9,"mn":"ADBE Vector Group","hd":false},{"ty":"gr","it":[{"ind":0,"ty":"sh","ix":1,"ks":{"a":0,"k":{"i":[[8.493,5.681],[0,0],[-7.355,-4.235],[-2.6,0],[-2.843,4.936],[0,0]],"o":[[0,0],[-4.235,7.353],[2.415,1.392],[5.315,0],[0,0],[-9.233,-4.543]],"v":[[-0.38,-30.288],[-22.003,7.255],[-16.359,28.237],[-8.707,30.289],[4.62,22.592],[26.238,-14.942]],"c":true},"ix":2},"nm":"Path 1","mn":"ADBE Vector Shape - Group","hd":false},{"ty":"fl","c":{"a":0,"k":[0.838999968884,0.40800000359,0.226999993418,1],"ix":4},"o":{"a":0,"k":100,"ix":5},"r":1,"bm":0,"nm":"Fill 1","mn":"ADBE Vector Graphic - Fill","hd":false},{"ty":"tr","p":{"a":0,"k":[55.499,408.26],"ix":2},"a":{"a":0,"k":[0,0],"ix":1},"s":{"a":0,"k":[100,100],"ix":3},"r":{"a":0,"k":0,"ix":6},"o":{"a":0,"k":100,"ix":7},"sk":{"a":0,"k":0,"ix":4},"sa":{"a":0,"k":0,"ix":5},"nm":"Transform"}],"nm":"Group 10","np":2,"cix":2,"bm":0,"ix":10,"mn":"ADBE Vector Group","hd":false}],"ip":0,"op":120,"st":0,"bm":0},{"ddd":0,"ind":4,"ty":4,"nm":"Layer 5 Outlines","sr":1,"ks":{"o":{"a":0,"k":100,"ix":11},"r":{"a":1,"k":[{"i":{"x":[0.667],"y":[1]},"o":{"x":[0.333],"y":[0]},"n":["0p667_1_0p333_0"],"t":0,"s":[-27.096],"e":[27.67]},{"i":{"x":[0.667],"y":[1]},"o":{"x":[0.333],"y":[0]},"n":["0p667_1_0p333_0"],"t":5,"s":[27.67],"e":[-27.096]},{"i":{"x":[0.667],"y":[1]},"o":{"x":[0.333],"y":[0]},"n":["0p667_1_0p333_0"],"t":10,"s":[-27.096],"e":[27.67]},{"i":{"x":[0.667],"y":[1]},"o":{"x":[0.333],"y":[0]},"n":["0p667_1_0p333_0"],"t":15,"s":[27.67],"e":[-27.096]},{"i":{"x":[0.667],"y":[1]},"o":{"x":[0.333],"y":[0]},"n":["0p667_1_0p333_0"],"t":20,"s":[-27.096],"e":[27.67]},{"i":{"x":[0.667],"y":[1]},"o":{"x":[0.333],"y":[0]},"n":["0p667_1_0p333_0"],"t":25,"s":[27.67],"e":[-27.096]},{"i":{"x":[0.667],"y":[1]},"o":{"x":[0.333],"y":[0]},"n":["0p667_1_0p333_0"],"t":30,"s":[-27.096],"e":[27.67]},{"i":{"x":[0.667],"y":[1]},"o":{"x":[0.333],"y":[0]},"n":["0p667_1_0p333_0"],"t":35,"s":[27.67],"e":[-27.096]},{"i":{"x":[0.667],"y":[1]},"o":{"x":[0.333],"y":[0]},"n":["0p667_1_0p333_0"],"t":40,"s":[-27.096],"e":[27.67]},{"i":{"x":[0.667],"y":[1]},"o":{"x":[0.333],"y":[0]},"n":["0p667_1_0p333_0"],"t":45,"s":[27.67],"e":[-27.096]},{"i":{"x":[0.667],"y":[1]},"o":{"x":[0.333],"y":[0]},"n":["0p667_1_0p333_0"],"t":50,"s":[-27.096],"e":[27.67]},{"i":{"x":[0.667],"y":[1]},"o":{"x":[0.333],"y":[0]},"n":["0p667_1_0p333_0"],"t":55,"s":[27.67],"e":[-27.096]},{"i":{"x":[0.667],"y":[1]},"o":{"x":[0.167],"y":[0]},"n":["0p667_1_0p167_0"],"t":60,"s":[-27.096],"e":[27.67]},{"i":{"x":[0.667],"y":[1]},"o":{"x":[0.333],"y":[0]},"n":["0p667_1_0p333_0"],"t":64,"s":[27.67],"e":[-27.096]},{"i":{"x":[0.667],"y":[1]},"o":{"x":[0.333],"y":[0]},"n":["0p667_1_0p333_0"],"t":69,"s":[-27.096],"e":[27.67]},{"i":{"x":[0.667],"y":[1]},"o":{"x":[0.333],"y":[0]},"n":["0p667_1_0p333_0"],"t":74,"s":[27.67],"e":[-27.096]},{"i":{"x":[0.667],"y":[1]},"o":{"x":[0.333],"y":[0]},"n":["0p667_1_0p333_0"],"t":79,"s":[-27.096],"e":[27.67]},{"i":{"x":[0.667],"y":[1]},"o":{"x":[0.333],"y":[0]},"n":["0p667_1_0p333_0"],"t":84,"s":[27.67],"e":[-27.096]},{"i":{"x":[0.667],"y":[1]},"o":{"x":[0.333],"y":[0]},"n":["0p667_1_0p333_0"],"t":89,"s":[-27.096],"e":[27.67]},{"i":{"x":[0.667],"y":[1]},"o":{"x":[0.333],"y":[0]},"n":["0p667_1_0p333_0"],"t":94,"s":[27.67],"e":[-27.096]},{"i":{"x":[0.667],"y":[1]},"o":{"x":[0.333],"y":[0]},"n":["0p667_1_0p333_0"],"t":99,"s":[-27.096],"e":[27.67]},{"i":{"x":[0.667],"y":[1]},"o":{"x":[0.333],"y":[0]},"n":["0p667_1_0p333_0"],"t":104,"s":[27.67],"e":[-27.096]},{"i":{"x":[0.667],"y":[1]},"o":{"x":[0.333],"y":[0]},"n":["0p667_1_0p333_0"],"t":109,"s":[-27.096],"e":[27.67]},{"i":{"x":[0.667],"y":[1]},"o":{"x":[0.333],"y":[0]},"n":["0p667_1_0p333_0"],"t":114,"s":[27.67],"e":[-27.096]},{"t":119}],"ix":10},"p":{"a":0,"k":[400,256.897,0],"ix":2},"a":{"a":0,"k":[27.612,65.497,0],"ix":1},"s":{"a":0,"k":[100,100,100],"ix":6}},"ao":0,"shapes":[{"ty":"gr","it":[{"ind":0,"ty":"sh","ix":1,"ks":{"a":0,"k":{"i":[[1.173,-1.649],[0,0],[0,0],[0,0]],"o":[[-5.427,7.632],[0,0],[0,0],[0,0]],"v":[[6.161,5.71],[-8.634,7.852],[-8.764,-3.292],[8.764,-3.292]],"c":true},"ix":2},"nm":"Path 1","mn":"ADBE Vector Shape - Group","hd":false},{"ty":"fl","c":{"a":0,"k":[0.8,0.8,0.8,1],"ix":4},"o":{"a":0,"k":100,"ix":5},"r":1,"bm":0,"nm":"Fill 1","mn":"ADBE Vector Graphic - Fill","hd":false},{"ty":"tr","p":{"a":0,"k":[27.614,21.07],"ix":2},"a":{"a":0,"k":[0,0],"ix":1},"s":{"a":0,"k":[100,100],"ix":3},"r":{"a":0,"k":0,"ix":6},"o":{"a":0,"k":100,"ix":7},"sk":{"a":0,"k":0,"ix":4},"sa":{"a":0,"k":0,"ix":5},"nm":"Transform"}],"nm":"Group 1","np":2,"cix":2,"bm":0,"ix":1,"mn":"ADBE Vector Group","hd":false},{"ty":"gr","it":[{"ind":0,"ty":"sh","ix":1,"ks":{"a":0,"k":{"i":[[4.841,0],[0,0],[0,4.841],[-4.842,0],[0,0],[0,-4.839]],"o":[[0,0],[-4.842,0],[0,-4.839],[0,0],[4.841,0],[0,4.841]],"v":[[18.598,8.764],[-18.597,8.764],[-27.362,0],[-18.597,-8.764],[18.598,-8.764],[27.362,0]],"c":true},"ix":2},"nm":"Path 1","mn":"ADBE Vector Shape - Group","hd":false},{"ty":"fl","c":{"a":0,"k":[0.902000038297,0.902000038297,0.902000038297,1],"ix":4},"o":{"a":0,"k":100,"ix":5},"r":1,"bm":0,"nm":"Fill 1","mn":"ADBE Vector Graphic - Fill","hd":false},{"ty":"tr","p":{"a":0,"k":[27.612,9.015],"ix":2},"a":{"a":0,"k":[0,0],"ix":1},"s":{"a":0,"k":[100,100],"ix":3},"r":{"a":0,"k":0,"ix":6},"o":{"a":0,"k":100,"ix":7},"sk":{"a":0,"k":0,"ix":4},"sa":{"a":0,"k":0,"ix":5},"nm":"Transform"}],"nm":"Group 2","np":2,"cix":2,"bm":0,"ix":2,"mn":"ADBE Vector Group","hd":false},{"ty":"gr","it":[{"ind":0,"ty":"sh","ix":1,"ks":{"a":0,"k":{"i":[[0,0],[0,0],[0,0],[0,0]],"o":[[0,0],[0,0],[0,0],[0,0]],"v":[[8.764,60.865],[-8.764,60.865],[-8.764,-60.865],[8.764,-60.865]],"c":true},"ix":2},"nm":"Path 1","mn":"ADBE Vector Shape - Group","hd":false},{"ty":"fl","c":{"a":0,"k":[0.902000038297,0.902000038297,0.902000038297,1],"ix":4},"o":{"a":0,"k":100,"ix":5},"r":1,"bm":0,"nm":"Fill 1","mn":"ADBE Vector Graphic - Fill","hd":false},{"ty":"tr","p":{"a":0,"k":[27.614,69.879],"ix":2},"a":{"a":0,"k":[0,0],"ix":1},"s":{"a":0,"k":[100,100],"ix":3},"r":{"a":0,"k":0,"ix":6},"o":{"a":0,"k":100,"ix":7},"sk":{"a":0,"k":0,"ix":4},"sa":{"a":0,"k":0,"ix":5},"nm":"Transform"}],"nm":"Group 3","np":2,"cix":2,"bm":0,"ix":3,"mn":"ADBE Vector Group","hd":false}],"ip":0,"op":120,"st":0,"bm":0}]}],"fonts":{"list":[{"fName":"Shrikhand-Regular","fFamily":"Shrikhand","fStyle":"Regular","ascent":74.799841362983}]},"layers":[{"ddd":0,"ind":1,"ty":0,"nm":"text","refId":"comp_0","sr":1,"ks":{"o":{"a":0,"k":100,"ix":11},"r":{"a":0,"k":0,"ix":10},"p":{"a":0,"k":[402,446,0],"ix":2},"a":{"a":0,"k":[400,400,0],"ix":1},"s":{"a":1,"k":[{"i":{"x":[0.667,0.667,0.667],"y":[1,1,1]},"o":{"x":[0.333,0.333,0.333],"y":[0,0,0]},"n":["0p667_1_0p333_0","0p667_1_0p333_0","0p667_1_0p333_0"],"t":15,"s":[0,0,100],"e":[38,38,100]},{"i":{"x":[0.667,0.667,0.667],"y":[1,1,1]},"o":{"x":[0.333,0.333,0.333],"y":[0,0,0]},"n":["0p667_1_0p333_0","0p667_1_0p333_0","0p667_1_0p333_0"],"t":25,"s":[38,38,100],"e":[30,30,100]},{"i":{"x":[0.667,0.667,0.667],"y":[1,1,1]},"o":{"x":[0.333,0.333,0.333],"y":[0,0,0]},"n":["0p667_1_0p333_0","0p667_1_0p333_0","0p667_1_0p333_0"],"t":30,"s":[30,30,100],"e":[34,34,100]},{"t":35}],"ix":6}},"ao":0,"w":800,"h":800,"ip":15,"op":135,"st":15,"bm":0},{"ddd":0,"ind":2,"ty":0,"nm":"alarm clock","refId":"comp_3","sr":1,"ks":{"o":{"a":1,"k":[{"i":{"x":[0.667],"y":[1]},"o":{"x":[0.333],"y":[0]},"n":["0p667_1_0p333_0"],"t":0,"s":[0],"e":[100]},{"t":5}],"ix":11},"r":{"a":1,"k":[{"i":{"x":[0.667],"y":[1]},"o":{"x":[0.333],"y":[0]},"n":["0p667_1_0p333_0"],"t":0,"s":[-5],"e":[5]},{"i":{"x":[0.667],"y":[1]},"o":{"x":[0.333],"y":[0]},"n":["0p667_1_0p333_0"],"t":5,"s":[5],"e":[-5]},{"i":{"x":[0.667],"y":[1]},"o":{"x":[0.333],"y":[0]},"n":["0p667_1_0p333_0"],"t":10,"s":[-5],"e":[5]},{"i":{"x":[0.667],"y":[1]},"o":{"x":[0.333],"y":[0]},"n":["0p667_1_0p333_0"],"t":15,"s":[5],"e":[-5]},{"i":{"x":[0.667],"y":[1]},"o":{"x":[0.333],"y":[0]},"n":["0p667_1_0p333_0"],"t":20,"s":[-5],"e":[5]},{"i":{"x":[0.667],"y":[1]},"o":{"x":[0.333],"y":[0]},"n":["0p667_1_0p333_0"],"t":25,"s":[5],"e":[-5]},{"i":{"x":[0.667],"y":[1]},"o":{"x":[0.333],"y":[0]},"n":["0p667_1_0p333_0"],"t":30,"s":[-5],"e":[5]},{"i":{"x":[0.667],"y":[1]},"o":{"x":[0.333],"y":[0]},"n":["0p667_1_0p333_0"],"t":35,"s":[5],"e":[-5]},{"i":{"x":[0.667],"y":[1]},"o":{"x":[0.333],"y":[0]},"n":["0p667_1_0p333_0"],"t":40,"s":[-5],"e":[5]},{"i":{"x":[0.667],"y":[1]},"o":{"x":[0.333],"y":[0]},"n":["0p667_1_0p333_0"],"t":45,"s":[5],"e":[-5]},{"i":{"x":[0.667],"y":[1]},"o":{"x":[0.333],"y":[0]},"n":["0p667_1_0p333_0"],"t":50,"s":[-5],"e":[5]},{"i":{"x":[0.667],"y":[1]},"o":{"x":[0.333],"y":[0]},"n":["0p667_1_0p333_0"],"t":55,"s":[5],"e":[-5]},{"i":{"x":[0.667],"y":[1]},"o":{"x":[0.333],"y":[0]},"n":["0p667_1_0p333_0"],"t":60,"s":[-5],"e":[5]},{"i":{"x":[0.667],"y":[1]},"o":{"x":[0.333],"y":[0]},"n":["0p667_1_0p333_0"],"t":65,"s":[5],"e":[-5]},{"i":{"x":[0.667],"y":[1]},"o":{"x":[0.333],"y":[0]},"n":["0p667_1_0p333_0"],"t":70,"s":[-5],"e":[5]},{"i":{"x":[0.667],"y":[1]},"o":{"x":[0.333],"y":[0]},"n":["0p667_1_0p333_0"],"t":75,"s":[5],"e":[-5]},{"i":{"x":[0.667],"y":[1]},"o":{"x":[0.333],"y":[0]},"n":["0p667_1_0p333_0"],"t":80,"s":[-5],"e":[5]},{"i":{"x":[0.667],"y":[1]},"o":{"x":[0.333],"y":[0]},"n":["0p667_1_0p333_0"],"t":85,"s":[5],"e":[-5]},{"i":{"x":[0.667],"y":[1]},"o":{"x":[0.333],"y":[0]},"n":["0p667_1_0p333_0"],"t":90,"s":[-5],"e":[5]},{"i":{"x":[0.667],"y":[1]},"o":{"x":[0.333],"y":[0]},"n":["0p667_1_0p333_0"],"t":95,"s":[5],"e":[-5]},{"i":{"x":[0.667],"y":[1]},"o":{"x":[0.333],"y":[0]},"n":["0p667_1_0p333_0"],"t":100,"s":[-5],"e":[5]},{"i":{"x":[0.667],"y":[1]},"o":{"x":[0.333],"y":[0]},"n":["0p667_1_0p333_0"],"t":105,"s":[5],"e":[-5]},{"i":{"x":[0.667],"y":[1]},"o":{"x":[0.333],"y":[0]},"n":["0p667_1_0p333_0"],"t":110,"s":[-5],"e":[5]},{"i":{"x":[0.667],"y":[1]},"o":{"x":[0.333],"y":[0]},"n":["0p667_1_0p333_0"],"t":115,"s":[5],"e":[-5]},{"t":120}],"ix":10},"p":{"a":0,"k":[400,400,0],"ix":2},"a":{"a":0,"k":[400,400,0],"ix":1},"s":{"a":1,"k":[{"i":{"x":[0.667,0.667,0.667],"y":[1,1,1]},"o":{"x":[0.333,0.333,0.333],"y":[0,0,0]},"n":["0p667_1_0p333_0","0p667_1_0p333_0","0p667_1_0p333_0"],"t":0,"s":[4.761,4.761,100],"e":[150,150,100]},{"i":{"x":[0.667,0.667,0.667],"y":[1,1,1]},"o":{"x":[0.333,0.333,0.333],"y":[0,0,0]},"n":["0p667_1_0p333_0","0p667_1_0p333_0","0p667_1_0p333_0"],"t":12.5,"s":[150,150,100],"e":[80,80,100]},{"i":{"x":[0.667,0.667,0.667],"y":[1,1,1]},"o":{"x":[0.333,0.333,0.333],"y":[0,0,0]},"n":["0p667_1_0p333_0","0p667_1_0p333_0","0p667_1_0p333_0"],"t":19,"s":[80,80,100],"e":[130,130,100]},{"t":25}],"ix":6}},"ao":0,"w":800,"h":800,"ip":0,"op":120,"st":0,"bm":0}],"markers":[],"chars":[{"ch":"T","size":400,"style":"Regular","w":77.9,"data":{"shapes":[{"ty":"gr","it":[{"ind":0,"ty":"sh","ix":1,"ks":{"a":0,"k":{"i":[[3.666,0],[0,0],[1.233,-0.433],[0.666,-0.966],[0.533,-1.866],[0,0],[0,-0.666],[-0.867,-0.8],[-1.534,0],[-1.434,0.9],[-1.534,1.8],[0,0],[-0.934,0.467],[-1.467,0],[0,0],[0,0],[0.666,-0.733],[1,-0.6],[0.366,-0.3],[0.266,-0.6],[0,-0.4],[-0.767,-0.466],[-1.4,0],[0,0],[-0.967,0.4],[-0.334,0.867],[0,0.134],[0.6,0.934],[0.233,0.534],[0,0.8],[-0.2,0.867],[0,0],[0,0],[-0.6,-0.466],[-0.534,-1.266],[0,0],[-0.9,-0.866],[-1.667,0],[-1.067,1],[-0.734,2.467],[0,0],[0,0.934]],"o":[[0,0],[-2.267,0],[-1.234,0.434],[-0.667,0.967],[0,0],[-0.2,0.8],[0,1.4],[0.866,0.8],[1.666,0],[1.433,-0.9],[0,0],[1.066,-1.266],[0.933,-0.466],[0,0],[0,0],[-0.467,1.534],[-0.667,0.734],[-0.734,0.467],[-0.367,0.3],[-0.2,0.4],[0,0.867],[0.766,0.467],[0,0],[1.8,0],[0.966,-0.4],[0.133,-0.533],[0,-0.6],[-0.467,-0.6],[-0.234,-0.533],[0,-0.666],[0,0],[0,0],[1.266,0],[0.6,0.467],[0,0],[0.8,1.867],[0.9,0.867],[2,0],[1.066,-1],[0,0],[0.4,-1.4],[0,-3]],"v":[[80.1,-66.6],[21.8,-66.6],[16.55,-65.95],[13.7,-63.85],[11.9,-59.6],[9.3,-50.5],[9,-48.3],[10.3,-45],[13.9,-43.8],[18.55,-45.15],[23,-49.2],[26.3,-53.3],[29.3,-55.9],[32.9,-56.6],[35.2,-56.6],[22.6,-11.9],[20.9,-8.5],[18.4,-6.5],[16.75,-5.35],[15.8,-4],[15.5,-2.8],[16.65,-0.8],[19.9,-0.1],[43.4,-0.1],[47.55,-0.7],[49.5,-2.6],[49.7,-3.6],[48.8,-5.9],[47.75,-7.6],[47.4,-9.6],[47.7,-11.9],[60.4,-56.6],[62.7,-56.6],[65.5,-55.9],[67.2,-53.3],[68.9,-49.2],[71.45,-45.1],[75.3,-43.8],[79.9,-45.3],[82.6,-50.5],[85,-58.6],[85.6,-62.1]],"c":true},"ix":2},"nm":"T","mn":"ADBE Vector Shape - Group","hd":false}],"nm":"T","np":3,"cix":2,"bm":0,"ix":1,"mn":"ADBE Vector Group","hd":false}]},"fFamily":"Shrikhand"},{"ch":"I","size":400,"style":"Regular","w":43.4,"data":{"shapes":[{"ty":"gr","it":[{"ind":0,"ty":"sh","ix":1,"ks":{"a":0,"k":{"i":[[1.4,0],[0,0],[0.9,-0.366],[0.266,-0.866],[0,-0.2],[-0.6,-0.866],[-0.234,-0.5],[0,-0.733],[0.266,-0.866],[0,0],[0.666,-0.7],[1.066,-0.666],[0.6,-0.4],[0.267,-0.733],[0,-0.4],[-0.766,-0.466],[-1.4,0],[0,0],[-0.934,0.367],[-0.267,0.934],[0,0.134],[0.6,0.867],[0.233,0.534],[0,0.8],[-0.267,0.867],[0,0],[-0.667,0.734],[-1.067,0.6],[-0.3,0.167],[-0.367,0.367],[-0.2,0.467],[0,0.334],[0.766,0.434]],"o":[[0,0],[-1.867,0],[-0.9,0.367],[-0.134,0.534],[0,0.534],[0.4,0.667],[0.233,0.5],[0,0.8],[0,0],[-0.467,1.6],[-0.667,0.7],[-0.133,0.067],[-0.6,0.4],[-0.2,0.467],[0,0.8],[0.767,0.467],[0,0],[1.866,0],[0.933,-0.366],[0.133,-0.533],[0,-0.533],[-0.467,-0.6],[-0.234,-0.533],[0,-0.8],[0,0],[0.466,-1.533],[0.666,-0.733],[0.133,-0.133],[0.3,-0.166],[0.366,-0.366],[0.2,-0.533],[0,-0.8],[-0.767,-0.433]],"v":[[44.4,-66.6],[20.9,-66.6],[16.75,-66.05],[15,-64.2],[14.8,-63.1],[15.7,-61],[16.65,-59.25],[17,-57.4],[16.6,-54.9],[4.4,-11.8],[2.7,-8.35],[0.1,-6.3],[-1,-5.6],[-2.3,-3.9],[-2.6,-2.6],[-1.45,-0.7],[1.8,0],[25.3,0],[29.5,-0.55],[31.3,-2.5],[31.5,-3.5],[30.6,-5.6],[29.55,-7.3],[29.2,-9.3],[29.6,-11.8],[41.7,-54.9],[43.4,-58.3],[46,-60.3],[46.65,-60.75],[47.65,-61.55],[48.5,-62.8],[48.8,-64.1],[47.65,-65.95]],"c":true},"ix":2},"nm":"I","mn":"ADBE Vector Shape - Group","hd":false}],"nm":"I","np":3,"cix":2,"bm":0,"ix":1,"mn":"ADBE Vector Group","hd":false}]},"fFamily":"Shrikhand"},{"ch":"M","size":400,"style":"Regular","w":106.5,"data":{"shapes":[{"ty":"gr","it":[{"ind":0,"ty":"sh","ix":1,"ks":{"a":0,"k":{"i":[[1.4,0],[0,0],[1.666,-0.7],[1.733,-2.133],[0,0],[0,0],[0.966,0.867],[2,0],[0,0],[0.766,-0.533],[0,-1.2],[-0.334,-1],[0,0],[0,0],[0.666,-0.7],[1.066,-0.666],[0.6,-0.4],[0.266,-0.733],[0,-0.4],[-0.766,-0.466],[-1.4,0],[0,0],[-0.934,0.367],[-0.267,0.934],[0,0.134],[0.6,0.867],[0.233,0.534],[0,0.8],[-0.267,0.867],[0,0],[0,0],[-0.9,-1.033],[-1.6,0],[-1.3,0.967],[-2.134,2.6],[0,0],[0,0],[0.666,-0.733],[1.066,-0.6],[0.3,-0.166],[0.366,-0.366],[0.2,-0.466],[0,-0.4],[-0.767,-0.466],[-1.4,0],[0,0],[-0.967,0.4],[-0.267,0.867],[0,0.134],[0.2,0.367],[0.266,0.334],[0.233,0.5],[0,0.734],[-0.267,0.867],[0,0],[-0.634,0.734],[-1.067,0.6],[-0.367,0.3],[-0.2,0.6],[0,0.334],[0.766,0.434]],"o":[[0,0],[-2.734,0],[-1.667,0.7],[0,0],[0,0],[-0.6,-2.133],[-0.967,-0.866],[0,0],[-1.6,0],[-0.767,0.534],[0,0.934],[0,0],[0,0],[-0.467,1.6],[-0.667,0.7],[-0.134,0.067],[-0.6,0.4],[-0.2,0.467],[0,0.8],[0.766,0.467],[0,0],[1.866,0],[0.933,-0.366],[0.133,-0.533],[0,-0.533],[-0.467,-0.6],[-0.234,-0.533],[0,-0.8],[0,0],[0,0],[0.733,2.467],[0.9,1.034],[1.666,0],[1.3,-0.966],[0,0],[0,0],[-0.467,1.534],[-0.667,0.734],[-0.134,0.134],[-0.3,0.167],[-0.367,0.367],[-0.2,0.467],[0,0.8],[0.766,0.467],[0,0],[1.8,0],[0.966,-0.4],[0.133,-0.533],[0,-0.4],[-0.2,-0.366],[-0.4,-0.666],[-0.234,-0.5],[0,-0.8],[0,0],[0.466,-1.533],[0.633,-0.733],[0.733,-0.466],[0.366,-0.3],[0.2,-0.533],[0,-0.8],[-0.767,-0.433]],"v":[[107.4,-66.6],[92.5,-66.6],[85.9,-65.55],[80.8,-61.3],[53.7,-27.6],[43.7,-60.8],[41.35,-65.3],[36.9,-66.6],[21.4,-66.6],[17.85,-65.8],[16.7,-63.2],[17.2,-60.3],[18.8,-55],[6.6,-11.8],[4.9,-8.35],[2.3,-6.3],[1.2,-5.6],[-0.1,-3.9],[-0.4,-2.6],[0.75,-0.7],[4,0],[12.3,0],[16.5,-0.55],[18.3,-2.5],[18.5,-3.5],[17.6,-5.6],[16.55,-7.3],[16.2,-9.3],[16.6,-11.8],[24,-37.7],[33.4,-6.8],[35.85,-1.55],[39.6,0],[44.05,-1.45],[49.2,-6.8],[75.1,-38.9],[67.5,-11.9],[65.8,-8.5],[63.2,-6.5],[62.55,-6.05],[61.55,-5.25],[60.7,-4],[60.4,-2.7],[61.55,-0.8],[64.8,-0.1],[88.3,-0.1],[92.45,-0.7],[94.3,-2.6],[94.5,-3.6],[94.2,-4.75],[93.5,-5.8],[92.55,-7.55],[92.2,-9.4],[92.6,-11.9],[104.8,-54.9],[106.45,-58.3],[109,-60.3],[110.65,-61.45],[111.5,-62.8],[111.8,-64.1],[110.65,-65.95]],"c":true},"ix":2},"nm":"M","mn":"ADBE Vector Shape - Group","hd":false}],"nm":"M","np":3,"cix":2,"bm":0,"ix":1,"mn":"ADBE Vector Group","hd":false}]},"fFamily":"Shrikhand"},{"ch":"E","size":400,"style":"Regular","w":66.1,"data":{"shapes":[{"ty":"gr","it":[{"ind":0,"ty":"sh","ix":1,"ks":{"a":0,"k":{"i":[[2.466,0],[0,0],[0.933,-0.366],[0.266,-0.866],[0,-0.2],[-0.6,-0.866],[-0.234,-0.533],[0,-0.8],[0.266,-0.866],[0,0],[0.666,-0.7],[1.066,-0.666],[0.6,-0.4],[0.267,-0.733],[0,-0.4],[-0.766,-0.466],[-1.4,0],[0,0],[-1.4,1],[-0.734,2.534],[0,0],[0,0.534],[0.933,0.667],[1.466,0],[0.966,-0.5],[1.066,-1.133],[0,0],[0.966,-0.5],[1.266,0],[0,0],[0,0],[0,0],[-0.467,-1],[0,0],[-1.867,0],[-0.967,0.7],[-0.4,1.467],[0,0],[0,0.267],[0.766,0.634],[1.2,0],[0.733,-0.4],[1,-0.866],[0,0],[0.466,0],[0,0],[0,0],[0,0],[-0.467,-0.4],[-0.334,-1.2],[0,0],[-0.9,-0.7],[-1.6,0],[-0.9,0.7],[-0.467,1.8],[0,0],[0,0.934],[1.366,1.067]],"o":[[0,0],[-1.8,0],[-0.934,0.367],[-0.134,0.534],[0,0.534],[0.466,0.6],[0.233,0.534],[0,0.734],[0,0],[-0.467,1.6],[-0.667,0.7],[-0.133,0.067],[-0.6,0.4],[-0.2,0.467],[0,0.8],[0.767,0.467],[0,0],[2.666,0],[1.4,-1],[0,0],[0.2,-0.733],[0,-1.333],[-0.934,-0.666],[-1.4,0],[-0.967,0.5],[0,0],[-1.134,1.267],[-0.967,0.5],[0,0],[0,0],[0,0],[1,0],[0,0],[0.933,1.934],[1.133,0],[0.966,-0.7],[0,0],[0.133,-0.533],[0,-1],[-0.767,-0.633],[-1.067,0],[-0.734,0.4],[0,0],[-0.8,0.667],[0,0],[0,0],[0,0],[1.333,0],[0.466,0.4],[0,0],[0.466,1.6],[0.9,0.7],[1.666,0],[0.9,-0.7],[0,0],[0.266,-0.866],[0,-1.866],[-1.367,-1.066]],"v":[[65.3,-66.6],[20.9,-66.6],[16.8,-66.05],[15,-64.2],[14.8,-63.1],[15.7,-61],[16.75,-59.3],[17.1,-57.3],[16.7,-54.9],[4.4,-11.8],[2.7,-8.35],[0.1,-6.3],[-1,-5.6],[-2.3,-3.9],[-2.6,-2.6],[-1.45,-0.7],[1.8,0],[49.5,0],[55.6,-1.5],[58.8,-6.8],[61.7,-16.9],[62,-18.8],[60.6,-21.8],[57,-22.8],[53.45,-22.05],[50.4,-19.6],[44.4,-13],[41.25,-10.35],[37.9,-9.6],[29.1,-9.6],[35,-30.8],[38.9,-30.8],[41.1,-29.3],[42.8,-25.8],[47,-22.9],[50.15,-23.95],[52.2,-27.2],[56.3,-41.1],[56.5,-42.3],[55.35,-44.75],[52.4,-45.7],[49.7,-45.1],[47.1,-43.2],[43.7,-40.2],[41.8,-39.2],[37.4,-39.2],[42.4,-57],[52.9,-57],[55.6,-56.4],[56.8,-54],[58.4,-48.3],[60.45,-44.85],[64.2,-43.8],[68.05,-44.85],[70.1,-48.6],[72.7,-57.9],[73.1,-60.6],[71.05,-65]],"c":true},"ix":2},"nm":"E","mn":"ADBE Vector Shape - Group","hd":false}],"nm":"E","np":3,"cix":2,"bm":0,"ix":1,"mn":"ADBE Vector Group","hd":false}]},"fFamily":"Shrikhand"},{"ch":"’","size":400,"style":"Regular","w":30.4,"data":{"shapes":[{"ty":"gr","it":[{"ind":0,"ty":"sh","ix":1,"ks":{"a":0,"k":{"i":[[2.933,0],[1.466,-0.966],[0.533,-1.8],[0,-0.733],[-0.534,-0.933],[-1.067,-1.4],[-0.367,-0.6],[0,-0.6],[0.666,-0.666],[1.466,-1.066],[0.6,-0.5],[0.2,-0.733],[0,-0.4],[-2.734,0],[-2.467,1.1],[-1.9,2.167],[-0.734,3],[0,1.4],[2.133,2.2]],"o":[[-2.2,0],[-1.467,0.967],[-0.2,0.667],[0,1.2],[0.533,0.934],[0.8,1],[0.366,0.6],[0,0.934],[-0.667,0.667],[-1.267,0.867],[-0.6,0.5],[-0.067,0.2],[0,1.6],[2.333,0],[2.466,-1.1],[1.9,-2.166],[0.4,-1.6],[0,-3.6],[-2.134,-2.2]],"v":[[23.2,-69.5],[17.7,-68.05],[14.7,-63.9],[14.4,-61.8],[15.2,-58.6],[17.6,-55.1],[19.35,-52.7],[19.9,-50.9],[18.9,-48.5],[15.7,-45.9],[12.9,-43.85],[11.7,-42],[11.6,-41.1],[15.7,-38.7],[22.9,-40.35],[29.45,-45.25],[33.4,-53],[34,-57.5],[30.8,-66.2]],"c":true},"ix":2},"nm":"’","mn":"ADBE Vector Shape - Group","hd":false}],"nm":"’","np":3,"cix":2,"bm":0,"ix":1,"mn":"ADBE Vector Group","hd":false}]},"fFamily":"Shrikhand"},{"ch":"S","size":400,"style":"Regular","w":68.9,"data":{"shapes":[{"ty":"gr","it":[{"ind":0,"ty":"sh","ix":1,"ks":{"a":0,"k":{"i":[[3.733,0],[4.333,-2.8],[1.4,-4.6],[0,-2.333],[-1.567,-2.466],[-2.134,-1.633],[-3.4,-2.066],[-1.534,-1.333],[0,-1.6],[0.133,-0.333],[0.966,-0.566],[1.8,0],[1.833,1.2],[2.133,3.067],[1.233,1.067],[1.533,0],[0.933,-0.733],[0.533,-1.733],[0,0],[0,-0.666],[-0.9,-0.733],[-1.534,0],[-1.067,0.5],[-1.667,1.4],[0,0],[-3.134,-1.066],[-4.6,0],[-4.6,2.767],[-1.6,5.334],[0,2.067],[1.6,2.467],[2.266,1.667],[3.466,2.067],[1.6,1.367],[0,1.6],[-1,0.967],[-1.467,0],[-1.9,-1.1],[-2.334,-2.666],[-1.1,-0.9],[-1.467,0],[-0.7,0.667],[-0.467,1.6],[0,0],[0,0.534],[0.933,0.7],[1.6,0],[1.033,-0.466],[1.6,-1.266],[0,0],[3.166,0.9]],"o":[[-5.6,0],[-4.334,2.8],[-0.734,2.267],[0,3.334],[1.566,2.467],[2.133,1.634],[3.2,1.867],[1.533,1.334],[0,0.667],[-0.4,1.267],[-0.967,0.567],[-2.534,0],[-1.834,-1.2],[-2,-2.8],[-1.234,-1.066],[-1.467,0],[-0.934,0.734],[0,0],[-0.266,0.734],[0,1.267],[0.9,0.734],[1.333,0],[1.066,-0.5],[0,0],[3.266,2.534],[3.133,1.067],[6.133,0],[4.6,-2.766],[0.666,-2.066],[0,-3.2],[-1.6,-2.466],[-2.267,-1.666],[-3.4,-2.066],[-1.6,-1.366],[0,-1.4],[1,-0.966],[2,0],[1.9,1.1],[2.333,2.8],[1.1,0.9],[1.4,0],[0.7,-0.666],[0,0],[0.2,-0.6],[0,-1.333],[-0.934,-0.7],[-1.334,0],[-1.034,0.467],[0,0],[-3.267,-1.933],[-3.167,-0.9]],"v":[[37.4,-67.2],[22.5,-63],[13.9,-51.9],[12.8,-45],[15.15,-36.3],[20.7,-30.15],[29,-24.6],[36.1,-19.8],[38.4,-15.4],[38.2,-13.9],[36.15,-11.15],[32,-10.3],[25.45,-12.1],[19.5,-18.5],[14.65,-24.3],[10.5,-25.9],[6.9,-24.8],[4.7,-21.1],[-0.2,-6.2],[-0.6,-4.1],[0.75,-1.1],[4.4,0],[8,-0.75],[12.1,-3.6],[15.7,-6.6],[25.3,-1.2],[36.9,0.4],[53,-3.75],[62.3,-15.9],[63.3,-22.1],[60.9,-30.6],[55.1,-36.8],[46.5,-42.4],[39,-47.55],[36.6,-52],[38.1,-55.55],[41.8,-57],[47.65,-55.35],[54,-49.7],[59.15,-44.15],[63,-42.8],[66.15,-43.8],[67.9,-47.2],[72.1,-61],[72.4,-62.7],[71,-65.75],[67.2,-66.8],[63.65,-66.1],[59.7,-63.5],[57.4,-61.6],[47.75,-65.85]],"c":true},"ix":2},"nm":"S","mn":"ADBE Vector Shape - Group","hd":false}],"nm":"S","np":3,"cix":2,"bm":0,"ix":1,"mn":"ADBE Vector Group","hd":false}]},"fFamily":"Shrikhand"},{"ch":"U","size":400,"style":"Regular","w":76.8,"data":{"shapes":[{"ty":"gr","it":[{"ind":0,"ty":"sh","ix":1,"ks":{"a":0,"k":{"i":[[1.266,-4.6],[0,0],[1.966,-1.9],[2.933,0],[0,4.467],[-0.6,2.267],[0,0],[-0.667,0.734],[-1.067,0.6],[-0.367,0.367],[-0.2,0.6],[0,0.4],[2.866,0],[0,0],[0.933,-0.366],[0.266,-0.866],[0,-0.266],[-0.6,-0.866],[-0.234,-0.5],[0,-0.8],[0.266,-0.866],[0,0],[0,-3.066],[-4.367,-3],[-7.867,0],[-5,4.167],[-2.134,7.934],[0,0],[-0.9,-0.166],[-1.134,0],[-1.867,1.3],[-0.734,2.934],[0,1],[1.933,2.034],[3.2,0],[2.3,-2.333]],"o":[[0,0],[-1.334,4.6],[-1.967,1.9],[-4.8,0],[0,-1.6],[0,0],[0.466,-1.533],[0.666,-0.733],[0.733,-0.466],[0.366,-0.366],[0.066,-0.266],[0,-1.733],[0,0],[-1.8,0],[-0.934,0.367],[-0.134,0.4],[0,0.534],[0.4,0.667],[0.233,0.5],[0,0.8],[0,0],[-1.067,3.667],[0,6.334],[4.366,3],[8.6,0],[5,-4.166],[0,0],[0.8,0.267],[0.9,0.167],[2.2,0],[1.866,-1.3],[0.333,-1.333],[0,-3],[-1.934,-2.033],[-4.067,0],[-2.3,2.334]],"v":[[61.1,-53.1],[52.9,-24.4],[47.95,-14.65],[40.6,-11.8],[33.4,-18.5],[34.3,-24.3],[43,-54.9],[44.7,-58.3],[47.3,-60.3],[48.95,-61.55],[49.8,-63],[49.9,-64],[45.6,-66.6],[22.1,-66.6],[18,-66.05],[16.2,-64.2],[16,-63.2],[16.9,-61.1],[17.85,-59.35],[18.2,-57.4],[17.8,-54.9],[10.2,-28],[8.6,-17.9],[15.15,-3.9],[33.5,0.6],[53.9,-5.65],[64.6,-23.8],[70.5,-45.5],[73.05,-44.85],[76.1,-44.6],[82.2,-46.55],[86.1,-52.9],[86.6,-56.4],[83.7,-63.95],[76,-67],[66.45,-63.5]],"c":true},"ix":2},"nm":"U","mn":"ADBE Vector Shape - Group","hd":false}],"nm":"U","np":3,"cix":2,"bm":0,"ix":1,"mn":"ADBE Vector Group","hd":false}]},"fFamily":"Shrikhand"},{"ch":"P","size":400,"style":"Regular","w":68.3,"data":{"shapes":[{"ty":"gr","it":[{"ind":0,"ty":"sh","ix":1,"ks":{"a":0,"k":{"i":[[7.066,0],[0,0],[0.9,-0.366],[0.266,-0.866],[0,-0.2],[-0.6,-0.866],[-0.234,-0.5],[0,-0.733],[0.266,-0.866],[0,0],[0.666,-0.733],[1.133,-0.666],[0.367,-0.366],[0.134,-0.6],[-0.866,-0.633],[-1.734,0],[0,0],[-1.067,0.467],[0,1.134],[0.266,0.334],[0.733,0.667],[0.433,0.6],[0,0.934],[-0.134,0.4],[0,0],[0,0],[-5.5,3.2],[-1.867,6.667],[0,2],[3.833,3.067]],"o":[[0,0],[-1.867,0],[-0.9,0.367],[-0.134,0.534],[0,0.534],[0.4,0.667],[0.233,0.5],[0,0.8],[0,0],[-0.4,1.534],[-0.667,0.734],[-0.733,0.467],[-0.366,0.367],[-0.266,1.134],[0.867,0.634],[0,0],[2.066,0],[1.066,-0.466],[0,-0.466],[-0.267,-0.333],[-0.867,-0.8],[-0.434,-0.6],[0,-0.666],[0,0],[0,0],[8.4,0],[5.5,-3.2],[0.6,-2.2],[0,-5.066],[-3.834,-3.066]],"v":[[53.9,-66.6],[20.8,-66.6],[16.65,-66.05],[14.9,-64.2],[14.7,-63.1],[15.6,-61],[16.55,-59.25],[16.9,-57.4],[16.5,-54.9],[4.3,-11.8],[2.7,-8.4],[0,-6.3],[-1.65,-5.05],[-2.4,-3.6],[-1.5,-0.95],[2.4,0],[27.5,0],[32.2,-0.7],[33.8,-3.1],[33.4,-4.3],[31.9,-5.8],[29.95,-7.9],[29.3,-10.2],[29.5,-11.8],[32.9,-23.9],[43.2,-23.9],[64.05,-28.7],[75.1,-43.5],[76,-49.8],[70.25,-62]],"c":true},"ix":2},"nm":"P","mn":"ADBE Vector Shape - Group","hd":false},{"ind":1,"ty":"sh","ix":2,"ks":{"a":0,"k":{"i":[[0.733,-2.466],[1.766,-1.766],[2.8,0],[0,0],[0,0],[0,0],[0,-3.866]],"o":[[-1.334,4.734],[-1.767,1.767],[0,0],[0,0],[0,0],[3.6,0],[0,1.867]],"v":[[51.3,-45.3],[46.65,-35.55],[39.8,-32.9],[35.4,-32.9],[42.5,-57.6],[47,-57.6],[52.4,-51.8]],"c":true},"ix":2},"nm":"P","mn":"ADBE Vector Shape - Group","hd":false}],"nm":"P","np":5,"cix":2,"bm":0,"ix":1,"mn":"ADBE Vector Group","hd":false}]},"fFamily":"Shrikhand"},{"ch":"!","size":400,"style":"Regular","w":36.1,"data":{"shapes":[{"ty":"gr","it":[{"ind":0,"ty":"sh","ix":1,"ks":{"a":0,"k":{"i":[[0.466,-9.933],[0,0],[-2.6,0],[-0.834,0.634],[-0.8,1.534],[0,0],[0,2.934],[2.033,1.6],[3.666,0]],"o":[[0,0],[-0.134,3.134],[1.2,0],[0.833,-0.633],[0,0],[2.066,-3.733],[0,-2.866],[-2.034,-1.6],[-9.6,0]],"v":[[14.1,-59.4],[12.8,-27.7],[16.5,-23],[19.55,-23.95],[22,-27.2],[37.7,-55.2],[40.8,-65.2],[37.75,-71.9],[29.2,-74.3]],"c":true},"ix":2},"nm":"!","mn":"ADBE Vector Shape - Group","hd":false},{"ind":1,"ty":"sh","ix":2,"ks":{"a":0,"k":{"i":[[2.666,0],[1.7,-1.1],[0.933,-1.733],[0,-1.8],[-1.8,-1.8],[-2.6,0],[-1.7,1.1],[-0.967,1.734],[0,1.8],[1.833,1.8]],"o":[[-2.134,0],[-1.7,1.1],[-0.934,1.734],[0.066,2.6],[1.8,1.8],[2.133,0],[1.7,-1.1],[0.966,-1.733],[0,-2.6],[-1.834,-1.8]],"v":[[13.8,-20.2],[8.05,-18.55],[4.1,-14.3],[2.7,-9],[5.5,-2.4],[12.1,0.3],[17.85,-1.35],[21.85,-5.6],[23.3,-10.9],[20.55,-17.5]],"c":true},"ix":2},"nm":"!","mn":"ADBE Vector Shape - Group","hd":false}],"nm":"!","np":5,"cix":2,"bm":0,"ix":1,"mn":"ADBE Vector Group","hd":false}]},"fFamily":"Shrikhand"}]}